"ID","Sets","N_Sets","Size"
"100000000000","MIN6_6h",1,860
"000000000001","QGP1_24h",1,802
"000000001000","PCCL3_6h",1,769
"000000000011","QGP1_6h, QGP1_24h",2,531
"010000000000","MIN6_24h",1,506
"000000100000","GLUTag_6h",1,501
"000000000010","QGP1_6h",1,419
"000001000000","MGN3_24h",1,271
"001000000000","aTC1_6h",1,251
"000000001100","PCCL3_6h, PCCL3_24h",2,249
"000000000100","PCCL3_24h",1,218
"000100000000","aTC1_24h",1,213
"000000010000","GLUTag_24h",1,180
"110000000000","MIN6_6h, MIN6_24h",2,155
"001100000000","aTC1_6h, aTC1_24h",2,135
"100000100000","MIN6_6h, GLUTag_6h",2,116
"000000110000","GLUTag_6h, GLUTag_24h",2,79
"010001000000","MIN6_24h, MGN3_24h",2,79
"000000001001","PCCL3_6h, QGP1_24h",2,75
"001000100000","aTC1_6h, GLUTag_6h",2,72
"000000001010","PCCL3_6h, QGP1_6h",2,67
"000000001011","PCCL3_6h, QGP1_6h, QGP1_24h",3,67
"010100000000","MIN6_24h, aTC1_24h",2,66
"000000101000","GLUTag_6h, PCCL3_6h",2,61
"010000000001","MIN6_24h, QGP1_24h",2,59
"100000000001","MIN6_6h, QGP1_24h",2,58
"000010000000","MGN3_6h",1,54
"000011000000","MGN3_6h, MGN3_24h",2,52
"010000001000","MIN6_24h, PCCL3_6h",2,52
"010000000011","MIN6_24h, QGP1_6h, QGP1_24h",3,51
"100000001000","MIN6_6h, PCCL3_6h",2,51
"101000000000","MIN6_6h, aTC1_6h",2,50
"001100100000","aTC1_6h, aTC1_24h, GLUTag_6h",3,44
"100000000011","MIN6_6h, QGP1_6h, QGP1_24h",3,43
"000000001110","PCCL3_6h, PCCL3_24h, QGP1_6h",3,42
"011100000000","MIN6_24h, aTC1_6h, aTC1_24h",3,42
"000000000101","PCCL3_24h, QGP1_24h",2,40
"010000100000","MIN6_24h, GLUTag_6h",2,40
"000001000011","MGN3_24h, QGP1_6h, QGP1_24h",3,39
"000000001111","PCCL3_6h, PCCL3_24h, QGP1_6h, QGP1_24h",4,37
"010000010000","MIN6_24h, GLUTag_24h",2,37
"100000000100","MIN6_6h, PCCL3_24h",2,37
"010000001100","MIN6_24h, PCCL3_6h, PCCL3_24h",3,36
"100000001100","MIN6_6h, PCCL3_6h, PCCL3_24h",3,36
"100001000000","MIN6_6h, MGN3_24h",2,35
"110000100000","MIN6_6h, MIN6_24h, GLUTag_6h",3,35
"000000100001","GLUTag_6h, QGP1_24h",2,34
"101000100000","MIN6_6h, aTC1_6h, GLUTag_6h",3,33
"010000000010","MIN6_24h, QGP1_6h",2,29
"000100001000","aTC1_24h, PCCL3_6h",2,28
"011000000000","MIN6_24h, aTC1_6h",2,28
"111100000000","MIN6_6h, MIN6_24h, aTC1_6h, aTC1_24h",4,27
"010000000100","MIN6_24h, PCCL3_24h",2,26
"100000000010","MIN6_6h, QGP1_6h",2,26
"110001000000","MIN6_6h, MIN6_24h, MGN3_24h",3,26
"000000001101","PCCL3_6h, PCCL3_24h, QGP1_24h",3,25
"000001000001","MGN3_24h, QGP1_24h",2,25
"000100000001","aTC1_24h, QGP1_24h",2,25
"000100100000","aTC1_24h, GLUTag_6h",2,25
"000000100011","GLUTag_6h, QGP1_6h, QGP1_24h",3,24
"000001001000","MGN3_24h, PCCL3_6h",2,23
"001000001000","aTC1_6h, PCCL3_6h",2,22
"100000010000","MIN6_6h, GLUTag_24h",2,22
"100000101000","MIN6_6h, GLUTag_6h, PCCL3_6h",3,22
"110000110000","MIN6_6h, MIN6_24h, GLUTag_6h, GLUTag_24h",4,22
"000000000111","PCCL3_24h, QGP1_6h, QGP1_24h",3,21
"000000100010","GLUTag_6h, QGP1_6h",2,21
"000001100000","MGN3_24h, GLUTag_6h",2,21
"001001000000","aTC1_6h, MGN3_24h",2,21
"101100000000","MIN6_6h, aTC1_6h, aTC1_24h",3,21
"000100000011","aTC1_24h, QGP1_6h, QGP1_24h",3,20
"011100100000","MIN6_24h, aTC1_6h, aTC1_24h, GLUTag_6h",4,20
"110000000001","MIN6_6h, MIN6_24h, QGP1_24h",3,20
"111000100000","MIN6_6h, MIN6_24h, aTC1_6h, GLUTag_6h",4,20
"000001010000","MGN3_24h, GLUTag_24h",2,19
"001000000011","aTC1_6h, QGP1_6h, QGP1_24h",3,19
"010101000000","MIN6_24h, aTC1_24h, MGN3_24h",3,19
"110100000000","MIN6_6h, MIN6_24h, aTC1_24h",3,19
"110000000011","MIN6_6h, MIN6_24h, QGP1_6h, QGP1_24h",4,18
"111100100000","MIN6_6h, MIN6_24h, aTC1_6h, aTC1_24h, GLUTag_6h",5,18
"111101110000","MIN6_6h, MIN6_24h, aTC1_6h, aTC1_24h, MGN3_24h, GLUTag_6h, GLUTag_24h",7,18
"001101000000","aTC1_6h, aTC1_24h, MGN3_24h",3,17
"010000110000","MIN6_24h, GLUTag_6h, GLUTag_24h",3,17
"010100010000","MIN6_24h, aTC1_24h, GLUTag_24h",3,17
"100100000000","MIN6_6h, aTC1_24h",2,17
"111000000000","MIN6_6h, MIN6_24h, aTC1_6h",3,17
"000001001100","MGN3_24h, PCCL3_6h, PCCL3_24h",3,16
"010001010000","MIN6_24h, MGN3_24h, GLUTag_24h",3,16
"111100110000","MIN6_6h, MIN6_24h, aTC1_6h, aTC1_24h, GLUTag_6h, GLUTag_24h",6,16
"000000100100","GLUTag_6h, PCCL3_24h",2,15
"000001000010","MGN3_24h, QGP1_6h",2,15
"001100001000","aTC1_6h, aTC1_24h, PCCL3_6h",3,15
"111111100000","MIN6_6h, MIN6_24h, aTC1_6h, aTC1_24h, MGN3_6h, MGN3_24h, GLUTag_6h",7,15
"111111110011","MIN6_6h, MIN6_24h, aTC1_6h, aTC1_24h, MGN3_6h, MGN3_24h, GLUTag_6h, GLUTag_24h, QGP1_6h, QGP1_24h",10,15
"000000000110","PCCL3_24h, QGP1_6h",2,14
"000001000100","MGN3_24h, PCCL3_24h",2,14
"000101000000","aTC1_24h, MGN3_24h",2,14
"011101000000","MIN6_24h, aTC1_6h, aTC1_24h, MGN3_24h",4,14
"111101000000","MIN6_6h, MIN6_24h, aTC1_6h, aTC1_24h, MGN3_24h",5,14
"010001000001","MIN6_24h, MGN3_24h, QGP1_24h",3,13
"010001000100","MIN6_24h, MGN3_24h, PCCL3_24h",3,13
"000000101100","GLUTag_6h, PCCL3_6h, PCCL3_24h",3,12
"000100001100","aTC1_24h, PCCL3_6h, PCCL3_24h",3,12
"001000101000","aTC1_6h, GLUTag_6h, PCCL3_6h",3,12
"001100000001","aTC1_6h, aTC1_24h, QGP1_24h",3,12
"010100001000","MIN6_24h, aTC1_24h, PCCL3_6h",3,12
"000000010011","GLUTag_24h, QGP1_6h, QGP1_24h",3,11
"000000011000","GLUTag_24h, PCCL3_6h",2,11
"001010000000","aTC1_6h, MGN3_6h",2,11
"001100001100","aTC1_6h, aTC1_24h, PCCL3_6h, PCCL3_24h",4,11
"010001000011","MIN6_24h, MGN3_24h, QGP1_6h, QGP1_24h",4,11
"010011000000","MIN6_24h, MGN3_6h, MGN3_24h",3,11
"010100000001","MIN6_24h, aTC1_24h, QGP1_24h",3,11
"011100000011","MIN6_24h, aTC1_6h, aTC1_24h, QGP1_6h, QGP1_24h",5,11
"100000001001","MIN6_6h, PCCL3_6h, QGP1_24h",3,11
"100000110000","MIN6_6h, GLUTag_6h, GLUTag_24h",3,11
"100010000000","MIN6_6h, MGN3_6h",2,11
"111011100000","MIN6_6h, MIN6_24h, aTC1_6h, MGN3_6h, MGN3_24h, GLUTag_6h",6,11
"111101110011","MIN6_6h, MIN6_24h, aTC1_6h, aTC1_24h, MGN3_24h, GLUTag_6h, GLUTag_24h, QGP1_6h, QGP1_24h",9,11
"111111110000","MIN6_6h, MIN6_24h, aTC1_6h, aTC1_24h, MGN3_6h, MGN3_24h, GLUTag_6h, GLUTag_24h",8,11
"000100000010","aTC1_24h, QGP1_6h",2,10
"001000000001","aTC1_6h, QGP1_24h",2,10
"001000110000","aTC1_6h, GLUTag_6h, GLUTag_24h",3,10
"010000000101","MIN6_24h, PCCL3_24h, QGP1_24h",3,10
"101100100000","MIN6_6h, aTC1_6h, aTC1_24h, GLUTag_6h",4,10
"111100000011","MIN6_6h, MIN6_24h, aTC1_6h, aTC1_24h, QGP1_6h, QGP1_24h",6,10
"000000010001","GLUTag_24h, QGP1_24h",2,9
"000010000001","MGN3_6h, QGP1_24h",2,9
"000100010000","aTC1_24h, GLUTag_24h",2,9
"001100101000","aTC1_6h, aTC1_24h, GLUTag_6h, PCCL3_6h",4,9
"001100110000","aTC1_6h, aTC1_24h, GLUTag_6h, GLUTag_24h",4,9
"010001110000","MIN6_24h, MGN3_24h, GLUTag_6h, GLUTag_24h",4,9
"010100000011","MIN6_24h, aTC1_24h, QGP1_6h, QGP1_24h",4,9
"100010100000","MIN6_6h, MGN3_6h, GLUTag_6h",3,9
"110000000010","MIN6_6h, MIN6_24h, QGP1_6h",3,9
"110000010000","MIN6_6h, MIN6_24h, GLUTag_24h",3,9
"110011100000","MIN6_6h, MIN6_24h, MGN3_6h, MGN3_24h, GLUTag_6h",5,9
"111101010000","MIN6_6h, MIN6_24h, aTC1_6h, aTC1_24h, MGN3_24h, GLUTag_24h",6,9
"111111111011","MIN6_6h, MIN6_24h, aTC1_6h, aTC1_24h, MGN3_6h, MGN3_24h, GLUTag_6h, GLUTag_24h, PCCL3_6h, QGP1_6h, QGP1_24h",11,9
"000001110000","MGN3_24h, GLUTag_6h, GLUTag_24h",3,8
"000010100000","MGN3_6h, GLUTag_6h",2,8
"001000000010","aTC1_6h, QGP1_6h",2,8
"001000010000","aTC1_6h, GLUTag_24h",2,8
"001010100000","aTC1_6h, MGN3_6h, GLUTag_6h",3,8
"001011000000","aTC1_6h, MGN3_6h, MGN3_24h",3,8
"010000011000","MIN6_24h, GLUTag_24h, PCCL3_6h",3,8
"010001000010","MIN6_24h, MGN3_24h, QGP1_6h",3,8
"011000100000","MIN6_24h, aTC1_6h, GLUTag_6h",3,8
"101010100000","MIN6_6h, aTC1_6h, MGN3_6h, GLUTag_6h",4,8
"111011000000","MIN6_6h, MIN6_24h, aTC1_6h, MGN3_6h, MGN3_24h",5,8
"111100000001","MIN6_6h, MIN6_24h, aTC1_6h, aTC1_24h, QGP1_24h",5,8
"000000010010","GLUTag_24h, QGP1_6h",2,7
"000000110010","GLUTag_6h, GLUTag_24h, QGP1_6h",3,7
"000100000100","aTC1_24h, PCCL3_24h",2,7
"010000001001","MIN6_24h, PCCL3_6h, QGP1_24h",3,7
"010000001010","MIN6_24h, PCCL3_6h, QGP1_6h",3,7
"010000001101","MIN6_24h, PCCL3_6h, PCCL3_24h, QGP1_24h",4,7
"010001001000","MIN6_24h, MGN3_24h, PCCL3_6h",3,7
"010100100000","MIN6_24h, aTC1_24h, GLUTag_6h",3,7
"011100001100","MIN6_24h, aTC1_6h, aTC1_24h, PCCL3_6h, PCCL3_24h",5,7
"011101111111","MIN6_24h, aTC1_6h, aTC1_24h, MGN3_24h, GLUTag_6h, GLUTag_24h, PCCL3_6h, PCCL3_24h, QGP1_6h, QGP1_24h",10,7
"100000001011","MIN6_6h, PCCL3_6h, QGP1_6h, QGP1_24h",4,7
"100000100001","MIN6_6h, GLUTag_6h, QGP1_24h",3,7
"101000001000","MIN6_6h, aTC1_6h, PCCL3_6h",3,7
"101010000000","MIN6_6h, aTC1_6h, MGN3_6h",3,7
"110000001000","MIN6_6h, MIN6_24h, PCCL3_6h",3,7
"110000101000","MIN6_6h, MIN6_24h, GLUTag_6h, PCCL3_6h",4,7
"110011000000","MIN6_6h, MIN6_24h, MGN3_6h, MGN3_24h",4,7
"110101000000","MIN6_6h, MIN6_24h, aTC1_24h, MGN3_24h",4,7
"111101000001","MIN6_6h, MIN6_24h, aTC1_6h, aTC1_24h, MGN3_24h, QGP1_24h",6,7
"111111000000","MIN6_6h, MIN6_24h, aTC1_6h, aTC1_24h, MGN3_6h, MGN3_24h",6,7
"111111111111","MIN6_6h, MIN6_24h, aTC1_6h, aTC1_24h, MGN3_6h, MGN3_24h, GLUTag_6h, GLUTag_24h, PCCL3_6h, PCCL3_24h, QGP1_6h, QGP1_24h",12,7
"000000011100","GLUTag_24h, PCCL3_6h, PCCL3_24h",3,6
"000001001001","MGN3_24h, PCCL3_6h, QGP1_24h",3,6
"000001001111","MGN3_24h, PCCL3_6h, PCCL3_24h, QGP1_6h, QGP1_24h",5,6
"000010001000","MGN3_6h, PCCL3_6h",2,6
"000011000010","MGN3_6h, MGN3_24h, QGP1_6h",3,6
"000100101000","aTC1_24h, GLUTag_6h, PCCL3_6h",3,6
"001000001111","aTC1_6h, PCCL3_6h, PCCL3_24h, QGP1_6h, QGP1_24h",5,6
"001100000011","aTC1_6h, aTC1_24h, QGP1_6h, QGP1_24h",4,6
"010000001110","MIN6_24h, PCCL3_6h, PCCL3_24h, QGP1_6h",4,6
"010001000101","MIN6_24h, MGN3_24h, PCCL3_24h, QGP1_24h",4,6
"010001001100","MIN6_24h, MGN3_24h, PCCL3_6h, PCCL3_24h",4,6
"011100010000","MIN6_24h, aTC1_6h, aTC1_24h, GLUTag_24h",4,6
"100000100010","MIN6_6h, GLUTag_6h, QGP1_6h",3,6
"100011000000","MIN6_6h, MGN3_6h, MGN3_24h",3,6
"101000000001","MIN6_6h, aTC1_6h, QGP1_24h",3,6
"110000001100","MIN6_6h, MIN6_24h, PCCL3_6h, PCCL3_24h",4,6
"110000100011","MIN6_6h, MIN6_24h, GLUTag_6h, QGP1_6h, QGP1_24h",5,6
"111010100000","MIN6_6h, MIN6_24h, aTC1_6h, MGN3_6h, GLUTag_6h",5,6
"111101100000","MIN6_6h, MIN6_24h, aTC1_6h, aTC1_24h, MGN3_24h, GLUTag_6h",6,6
"000000101111","GLUTag_6h, PCCL3_6h, PCCL3_24h, QGP1_6h, QGP1_24h",5,5
"000000110001","GLUTag_6h, GLUTag_24h, QGP1_24h",3,5
"000001000101","MGN3_24h, PCCL3_24h, QGP1_24h",3,5
"000010101000","MGN3_6h, GLUTag_6h, PCCL3_6h",3,5
"000011000001","MGN3_6h, MGN3_24h, QGP1_24h",3,5
"000011100000","MGN3_6h, MGN3_24h, GLUTag_6h",3,5
"000100001101","aTC1_24h, PCCL3_6h, PCCL3_24h, QGP1_24h",4,5
"000101000010","aTC1_24h, MGN3_24h, QGP1_6h",3,5
"001000000100","aTC1_6h, PCCL3_24h",2,5
"001000001010","aTC1_6h, PCCL3_6h, QGP1_6h",3,5
"001000001011","aTC1_6h, PCCL3_6h, QGP1_6h, QGP1_24h",4,5
"001000100001","aTC1_6h, GLUTag_6h, QGP1_24h",3,5
"001001100000","aTC1_6h, MGN3_24h, GLUTag_6h",3,5
"001100000010","aTC1_6h, aTC1_24h, QGP1_6h",3,5
"001101110000","aTC1_6h, aTC1_24h, MGN3_24h, GLUTag_6h, GLUTag_24h",5,5
"001111000000","aTC1_6h, aTC1_24h, MGN3_6h, MGN3_24h",4,5
"010000100011","MIN6_24h, GLUTag_6h, QGP1_6h, QGP1_24h",4,5
"010000100100","MIN6_24h, GLUTag_6h, PCCL3_24h",3,5
"010001010011","MIN6_24h, MGN3_24h, GLUTag_24h, QGP1_6h, QGP1_24h",5,5
"010011000011","MIN6_24h, MGN3_6h, MGN3_24h, QGP1_6h, QGP1_24h",5,5
"010100000010","MIN6_24h, aTC1_24h, QGP1_6h",3,5
"010101000010","MIN6_24h, aTC1_24h, MGN3_24h, QGP1_6h",4,5
"011000001000","MIN6_24h, aTC1_6h, PCCL3_6h",3,5
"011000001100","MIN6_24h, aTC1_6h, PCCL3_6h, PCCL3_24h",4,5
"011011000000","MIN6_24h, aTC1_6h, MGN3_6h, MGN3_24h",4,5
"011100000010","MIN6_24h, aTC1_6h, aTC1_24h, QGP1_6h",4,5
"011101010000","MIN6_24h, aTC1_6h, aTC1_24h, MGN3_24h, GLUTag_24h",5,5
"011101100000","MIN6_24h, aTC1_6h, aTC1_24h, MGN3_24h, GLUTag_6h",5,5
"100001000011","MIN6_6h, MGN3_24h, QGP1_6h, QGP1_24h",4,5
"100100100000","MIN6_6h, aTC1_24h, GLUTag_6h",3,5
"101000101000","MIN6_6h, aTC1_6h, GLUTag_6h, PCCL3_6h",4,5
"101001000000","MIN6_6h, aTC1_6h, MGN3_24h",3,5
"110000001011","MIN6_6h, MIN6_24h, PCCL3_6h, QGP1_6h, QGP1_24h",5,5
"110000001111","MIN6_6h, MIN6_24h, PCCL3_6h, PCCL3_24h, QGP1_6h, QGP1_24h",6,5
"110000100001","MIN6_6h, MIN6_24h, GLUTag_6h, QGP1_24h",4,5
"110001100011","MIN6_6h, MIN6_24h, MGN3_24h, GLUTag_6h, QGP1_6h, QGP1_24h",6,5
"111001000000","MIN6_6h, MIN6_24h, aTC1_6h, MGN3_24h",4,5
"111100001000","MIN6_6h, MIN6_24h, aTC1_6h, aTC1_24h, PCCL3_6h",5,5
"111100010000","MIN6_6h, MIN6_24h, aTC1_6h, aTC1_24h, GLUTag_24h",5,5
"111100101000","MIN6_6h, MIN6_24h, aTC1_6h, aTC1_24h, GLUTag_6h, PCCL3_6h",6,5
"111100110001","MIN6_6h, MIN6_24h, aTC1_6h, aTC1_24h, GLUTag_6h, GLUTag_24h, QGP1_24h",7,5
"111111100011","MIN6_6h, MIN6_24h, aTC1_6h, aTC1_24h, MGN3_6h, MGN3_24h, GLUTag_6h, QGP1_6h, QGP1_24h",9,5
"000000010101","GLUTag_24h, PCCL3_24h, QGP1_24h",3,4
"000000110011","GLUTag_6h, GLUTag_24h, QGP1_6h, QGP1_24h",4,4
"000001000111","MGN3_24h, PCCL3_24h, QGP1_6h, QGP1_24h",4,4
"000001001010","MGN3_24h, PCCL3_6h, QGP1_6h",3,4
"000001001110","MGN3_24h, PCCL3_6h, PCCL3_24h, QGP1_6h",4,4
"000001010011","MGN3_24h, GLUTag_24h, QGP1_6h, QGP1_24h",4,4
"000001100001","MGN3_24h, GLUTag_6h, QGP1_24h",3,4
"000001101000","MGN3_24h, GLUTag_6h, PCCL3_6h",3,4
"000010000011","MGN3_6h, QGP1_6h, QGP1_24h",3,4
"000010000100","MGN3_6h, PCCL3_24h",2,4
"000011001000","MGN3_6h, MGN3_24h, PCCL3_6h",3,4
"000011001100","MGN3_6h, MGN3_24h, PCCL3_6h, PCCL3_24h",4,4
"000011010000","MGN3_6h, MGN3_24h, GLUTag_24h",3,4
"000100001010","aTC1_24h, PCCL3_6h, QGP1_6h",3,4
"000100001111","aTC1_24h, PCCL3_6h, PCCL3_24h, QGP1_6h, QGP1_24h",5,4
"000101010000","aTC1_24h, MGN3_24h, GLUTag_24h",3,4
"001000001100","aTC1_6h, PCCL3_6h, PCCL3_24h",3,4
"001000100010","aTC1_6h, GLUTag_6h, QGP1_6h",3,4
"001000101100","aTC1_6h, GLUTag_6h, PCCL3_6h, PCCL3_24h",4,4
"001010001000","aTC1_6h, MGN3_6h, PCCL3_6h",3,4
"001100010000","aTC1_6h, aTC1_24h, GLUTag_24h",3,4
"001100100001","aTC1_6h, aTC1_24h, GLUTag_6h, QGP1_24h",4,4
"010000001011","MIN6_24h, PCCL3_6h, QGP1_6h, QGP1_24h",4,4
"010000001111","MIN6_24h, PCCL3_6h, PCCL3_24h, QGP1_6h, QGP1_24h",5,4
"010000010100","MIN6_24h, GLUTag_24h, PCCL3_24h",3,4
"010000100001","MIN6_24h, GLUTag_6h, QGP1_24h",3,4
"010001100011","MIN6_24h, MGN3_24h, GLUTag_6h, QGP1_6h, QGP1_24h",5,4
"010100001100","MIN6_24h, aTC1_24h, PCCL3_6h, PCCL3_24h",4,4
"010101000001","MIN6_24h, aTC1_24h, MGN3_24h, QGP1_24h",4,4
"011000000011","MIN6_24h, aTC1_6h, QGP1_6h, QGP1_24h",4,4
"011100001000","MIN6_24h, aTC1_6h, aTC1_24h, PCCL3_6h",4,4
"011101000011","MIN6_24h, aTC1_6h, aTC1_24h, MGN3_24h, QGP1_6h, QGP1_24h",6,4
"011101000100","MIN6_24h, aTC1_6h, aTC1_24h, MGN3_24h, PCCL3_24h",5,4
"011101001100","MIN6_24h, aTC1_6h, aTC1_24h, MGN3_24h, PCCL3_6h, PCCL3_24h",6,4
"011111111111","MIN6_24h, aTC1_6h, aTC1_24h, MGN3_6h, MGN3_24h, GLUTag_6h, GLUTag_24h, PCCL3_6h, PCCL3_24h, QGP1_6h, QGP1_24h",11,4
"100000011100","MIN6_6h, GLUTag_24h, PCCL3_6h, PCCL3_24h",4,4
"100000100011","MIN6_6h, GLUTag_6h, QGP1_6h, QGP1_24h",4,4
"100000101100","MIN6_6h, GLUTag_6h, PCCL3_6h, PCCL3_24h",4,4
"100001000001","MIN6_6h, MGN3_24h, QGP1_24h",3,4
"100010001000","MIN6_6h, MGN3_6h, PCCL3_6h",3,4
"101100000001","MIN6_6h, aTC1_6h, aTC1_24h, QGP1_24h",4,4
"101100001000","MIN6_6h, aTC1_6h, aTC1_24h, PCCL3_6h",4,4
"101101100000","MIN6_6h, aTC1_6h, aTC1_24h, MGN3_24h, GLUTag_6h",5,4
"110000010011","MIN6_6h, MIN6_24h, GLUTag_24h, QGP1_6h, QGP1_24h",5,4
"110001000001","MIN6_6h, MIN6_24h, MGN3_24h, QGP1_24h",4,4
"110001000010","MIN6_6h, MIN6_24h, MGN3_24h, QGP1_6h",4,4
"110001000011","MIN6_6h, MIN6_24h, MGN3_24h, QGP1_6h, QGP1_24h",5,4
"110001001100","MIN6_6h, MIN6_24h, MGN3_24h, PCCL3_6h, PCCL3_24h",5,4
"110001110000","MIN6_6h, MIN6_24h, MGN3_24h, GLUTag_6h, GLUTag_24h",5,4
"110100100000","MIN6_6h, MIN6_24h, aTC1_24h, GLUTag_6h",4,4
"110101110011","MIN6_6h, MIN6_24h, aTC1_24h, MGN3_24h, GLUTag_6h, GLUTag_24h, QGP1_6h, QGP1_24h",8,4
"111000000011","MIN6_6h, MIN6_24h, aTC1_6h, QGP1_6h, QGP1_24h",5,4
"111100001100","MIN6_6h, MIN6_24h, aTC1_6h, aTC1_24h, PCCL3_6h, PCCL3_24h",6,4
"111101111011","MIN6_6h, MIN6_24h, aTC1_6h, aTC1_24h, MGN3_24h, GLUTag_6h, GLUTag_24h, PCCL3_6h, QGP1_6h, QGP1_24h",10,4
"111101111111","MIN6_6h, MIN6_24h, aTC1_6h, aTC1_24h, MGN3_24h, GLUTag_6h, GLUTag_24h, PCCL3_6h, PCCL3_24h, QGP1_6h, QGP1_24h",11,4
"111110100000","MIN6_6h, MIN6_24h, aTC1_6h, aTC1_24h, MGN3_6h, GLUTag_6h",6,4
"111111100001","MIN6_6h, MIN6_24h, aTC1_6h, aTC1_24h, MGN3_6h, MGN3_24h, GLUTag_6h, QGP1_24h",8,4
"000000011011","GLUTag_24h, PCCL3_6h, QGP1_6h, QGP1_24h",4,3
"000000011111","GLUTag_24h, PCCL3_6h, PCCL3_24h, QGP1_6h, QGP1_24h",5,3
"000000100111","GLUTag_6h, PCCL3_24h, QGP1_6h, QGP1_24h",4,3
"000000101011","GLUTag_6h, PCCL3_6h, QGP1_6h, QGP1_24h",4,3
"000000101110","GLUTag_6h, PCCL3_6h, PCCL3_24h, QGP1_6h",4,3
"000000110100","GLUTag_6h, GLUTag_24h, PCCL3_24h",3,3
"000000111000","GLUTag_6h, GLUTag_24h, PCCL3_6h",3,3
"000000111010","GLUTag_6h, GLUTag_24h, PCCL3_6h, QGP1_6h",4,3
"000001001101","MGN3_24h, PCCL3_6h, PCCL3_24h, QGP1_24h",4,3
"000001011111","MGN3_24h, GLUTag_24h, PCCL3_6h, PCCL3_24h, QGP1_6h, QGP1_24h",6,3
"000001110011","MGN3_24h, GLUTag_6h, GLUTag_24h, QGP1_6h, QGP1_24h",5,3
"000011000011","MGN3_6h, MGN3_24h, QGP1_6h, QGP1_24h",4,3
"000100000101","aTC1_24h, PCCL3_24h, QGP1_24h",3,3
"000100001001","aTC1_24h, PCCL3_6h, QGP1_24h",3,3
"000100001011","aTC1_24h, PCCL3_6h, QGP1_6h, QGP1_24h",4,3
"000101001100","aTC1_24h, MGN3_24h, PCCL3_6h, PCCL3_24h",4,3
"000111000000","aTC1_24h, MGN3_6h, MGN3_24h",3,3
"001000000101","aTC1_6h, PCCL3_24h, QGP1_24h",3,3
"001000001110","aTC1_6h, PCCL3_6h, PCCL3_24h, QGP1_6h",4,3
"001000101010","aTC1_6h, GLUTag_6h, PCCL3_6h, QGP1_6h",4,3
"001000111100","aTC1_6h, GLUTag_6h, GLUTag_24h, PCCL3_6h, PCCL3_24h",5,3
"001001001000","aTC1_6h, MGN3_24h, PCCL3_6h",3,3
"001001001100","aTC1_6h, MGN3_24h, PCCL3_6h, PCCL3_24h",4,3
"001001010000","aTC1_6h, MGN3_24h, GLUTag_24h",3,3
"001011000001","aTC1_6h, MGN3_6h, MGN3_24h, QGP1_24h",4,3
"001011000011","aTC1_6h, MGN3_6h, MGN3_24h, QGP1_6h, QGP1_24h",5,3
"001011100000","aTC1_6h, MGN3_6h, MGN3_24h, GLUTag_6h",4,3
"001100001010","aTC1_6h, aTC1_24h, PCCL3_6h, QGP1_6h",4,3
"001100100011","aTC1_6h, aTC1_24h, GLUTag_6h, QGP1_6h, QGP1_24h",5,3
"001100101100","aTC1_6h, aTC1_24h, GLUTag_6h, PCCL3_6h, PCCL3_24h",5,3
"001101000001","aTC1_6h, aTC1_24h, MGN3_24h, QGP1_24h",4,3
"001101000010","aTC1_6h, aTC1_24h, MGN3_24h, QGP1_6h",4,3
"001101000011","aTC1_6h, aTC1_24h, MGN3_24h, QGP1_6h, QGP1_24h",5,3
"001101100000","aTC1_6h, aTC1_24h, MGN3_24h, GLUTag_6h",4,3
"001110000000","aTC1_6h, aTC1_24h, MGN3_6h",3,3
"001111110000","aTC1_6h, aTC1_24h, MGN3_6h, MGN3_24h, GLUTag_6h, GLUTag_24h",6,3
"010000000111","MIN6_24h, PCCL3_24h, QGP1_6h, QGP1_24h",4,3
"010000101000","MIN6_24h, GLUTag_6h, PCCL3_6h",3,3
"010000101111","MIN6_24h, GLUTag_6h, PCCL3_6h, PCCL3_24h, QGP1_6h, QGP1_24h",6,3
"010000110100","MIN6_24h, GLUTag_6h, GLUTag_24h, PCCL3_24h",4,3
"010001100000","MIN6_24h, MGN3_24h, GLUTag_6h",3,3
"010001100010","MIN6_24h, MGN3_24h, GLUTag_6h, QGP1_6h",4,3
"010011000100","MIN6_24h, MGN3_6h, MGN3_24h, PCCL3_24h",4,3
"010100000100","MIN6_24h, aTC1_24h, PCCL3_24h",3,3
"010100001001","MIN6_24h, aTC1_24h, PCCL3_6h, QGP1_24h",4,3
"010100001101","MIN6_24h, aTC1_24h, PCCL3_6h, PCCL3_24h, QGP1_24h",5,3
"010100100001","MIN6_24h, aTC1_24h, GLUTag_6h, QGP1_24h",4,3
"010101000100","MIN6_24h, aTC1_24h, MGN3_24h, PCCL3_24h",4,3
"010101010000","MIN6_24h, aTC1_24h, MGN3_24h, GLUTag_24h",4,3
"010101011111","MIN6_24h, aTC1_24h, MGN3_24h, GLUTag_24h, PCCL3_6h, PCCL3_24h, QGP1_6h, QGP1_24h",8,3
"010101100000","MIN6_24h, aTC1_24h, MGN3_24h, GLUTag_6h",4,3
"011000000010","MIN6_24h, aTC1_6h, QGP1_6h",3,3
"011001000000","MIN6_24h, aTC1_6h, MGN3_24h",3,3
"011010000000","MIN6_24h, aTC1_6h, MGN3_6h",3,3
"011100011000","MIN6_24h, aTC1_6h, aTC1_24h, GLUTag_24h, PCCL3_6h",5,3
"011100100001","MIN6_24h, aTC1_6h, aTC1_24h, GLUTag_6h, QGP1_24h",5,3
"011100101100","MIN6_24h, aTC1_6h, aTC1_24h, GLUTag_6h, PCCL3_6h, PCCL3_24h",6,3
"011100111100","MIN6_24h, aTC1_6h, aTC1_24h, GLUTag_6h, GLUTag_24h, PCCL3_6h, PCCL3_24h",7,3
"011100111111","MIN6_24h, aTC1_6h, aTC1_24h, GLUTag_6h, GLUTag_24h, PCCL3_6h, PCCL3_24h, QGP1_6h, QGP1_24h",9,3
"011101000001","MIN6_24h, aTC1_6h, aTC1_24h, MGN3_24h, QGP1_24h",5,3
"011101000010","MIN6_24h, aTC1_6h, aTC1_24h, MGN3_24h, QGP1_6h",5,3
"011101011111","MIN6_24h, aTC1_6h, aTC1_24h, MGN3_24h, GLUTag_24h, PCCL3_6h, PCCL3_24h, QGP1_6h, QGP1_24h",9,3
"011101100011","MIN6_24h, aTC1_6h, aTC1_24h, MGN3_24h, GLUTag_6h, QGP1_6h, QGP1_24h",7,3
"011101110001","MIN6_24h, aTC1_6h, aTC1_24h, MGN3_24h, GLUTag_6h, GLUTag_24h, QGP1_24h",7,3
"100000000111","MIN6_6h, PCCL3_24h, QGP1_6h, QGP1_24h",4,3
"100000001010","MIN6_6h, PCCL3_6h, QGP1_6h",3,3
"100000001110","MIN6_6h, PCCL3_6h, PCCL3_24h, QGP1_6h",4,3
"100000001111","MIN6_6h, PCCL3_6h, PCCL3_24h, QGP1_6h, QGP1_24h",5,3
"100000010001","MIN6_6h, GLUTag_24h, QGP1_24h",3,3
"100000011000","MIN6_6h, GLUTag_24h, PCCL3_6h",3,3
"100001001000","MIN6_6h, MGN3_24h, PCCL3_6h",3,3
"100001001100","MIN6_6h, MGN3_24h, PCCL3_6h, PCCL3_24h",4,3
"100100000001","MIN6_6h, aTC1_24h, QGP1_24h",3,3
"100111000000","MIN6_6h, aTC1_24h, MGN3_6h, MGN3_24h",4,3
"101000110000","MIN6_6h, aTC1_6h, GLUTag_6h, GLUTag_24h",4,3
"101010101000","MIN6_6h, aTC1_6h, MGN3_6h, GLUTag_6h, PCCL3_6h",5,3
"101100110011","MIN6_6h, aTC1_6h, aTC1_24h, GLUTag_6h, GLUTag_24h, QGP1_6h, QGP1_24h",7,3
"101101000000","MIN6_6h, aTC1_6h, aTC1_24h, MGN3_24h",4,3
"101111000000","MIN6_6h, aTC1_6h, aTC1_24h, MGN3_6h, MGN3_24h",5,3
"110000000100","MIN6_6h, MIN6_24h, PCCL3_24h",3,3
"110000001001","MIN6_6h, MIN6_24h, PCCL3_6h, QGP1_24h",4,3
"110000001010","MIN6_6h, MIN6_24h, PCCL3_6h, QGP1_6h",4,3
"110000010001","MIN6_6h, MIN6_24h, GLUTag_24h, QGP1_24h",4,3
"110001001111","MIN6_6h, MIN6_24h, MGN3_24h, PCCL3_6h, PCCL3_24h, QGP1_6h, QGP1_24h",7,3
"110001100000","MIN6_6h, MIN6_24h, MGN3_24h, GLUTag_6h",4,3
"110011000001","MIN6_6h, MIN6_24h, MGN3_6h, MGN3_24h, QGP1_24h",5,3
"110100000001","MIN6_6h, MIN6_24h, aTC1_24h, QGP1_24h",4,3
"110100000011","MIN6_6h, MIN6_24h, aTC1_24h, QGP1_6h, QGP1_24h",5,3
"110101010000","MIN6_6h, MIN6_24h, aTC1_24h, MGN3_24h, GLUTag_24h",5,3
"111010000000","MIN6_6h, MIN6_24h, aTC1_6h, MGN3_6h",4,3
"111010101000","MIN6_6h, MIN6_24h, aTC1_6h, MGN3_6h, GLUTag_6h, PCCL3_6h",6,3
"111011110000","MIN6_6h, MIN6_24h, aTC1_6h, MGN3_6h, MGN3_24h, GLUTag_6h, GLUTag_24h",7,3
"111100001011","MIN6_6h, MIN6_24h, aTC1_6h, aTC1_24h, PCCL3_6h, QGP1_6h, QGP1_24h",7,3
"111100100001","MIN6_6h, MIN6_24h, aTC1_6h, aTC1_24h, GLUTag_6h, QGP1_24h",6,3
"111100100011","MIN6_6h, MIN6_24h, aTC1_6h, aTC1_24h, GLUTag_6h, QGP1_6h, QGP1_24h",7,3
"111100100100","MIN6_6h, MIN6_24h, aTC1_6h, aTC1_24h, GLUTag_6h, PCCL3_24h",6,3
"111100101010","MIN6_6h, MIN6_24h, aTC1_6h, aTC1_24h, GLUTag_6h, PCCL3_6h, QGP1_6h",7,3
"111101100011","MIN6_6h, MIN6_24h, aTC1_6h, aTC1_24h, MGN3_24h, GLUTag_6h, QGP1_6h, QGP1_24h",8,3
"111101110100","MIN6_6h, MIN6_24h, aTC1_6h, aTC1_24h, MGN3_24h, GLUTag_6h, GLUTag_24h, PCCL3_24h",8,3
"111111000100","MIN6_6h, MIN6_24h, aTC1_6h, aTC1_24h, MGN3_6h, MGN3_24h, PCCL3_24h",7,3
"111111010001","MIN6_6h, MIN6_24h, aTC1_6h, aTC1_24h, MGN3_6h, MGN3_24h, GLUTag_24h, QGP1_24h",8,3
"111111110001","MIN6_6h, MIN6_24h, aTC1_6h, aTC1_24h, MGN3_6h, MGN3_24h, GLUTag_6h, GLUTag_24h, QGP1_24h",9,3
"111111110010","MIN6_6h, MIN6_24h, aTC1_6h, aTC1_24h, MGN3_6h, MGN3_24h, GLUTag_6h, GLUTag_24h, QGP1_6h",9,3
"111111111000","MIN6_6h, MIN6_24h, aTC1_6h, aTC1_24h, MGN3_6h, MGN3_24h, GLUTag_6h, GLUTag_24h, PCCL3_6h",9,3
"000000010100","GLUTag_24h, PCCL3_24h",2,2
"000000011001","GLUTag_24h, PCCL3_6h, QGP1_24h",3,2
"000000100101","GLUTag_6h, PCCL3_24h, QGP1_24h",3,2
"000000101010","GLUTag_6h, PCCL3_6h, QGP1_6h",3,2
"000001001011","MGN3_24h, PCCL3_6h, QGP1_6h, QGP1_24h",4,2
"000001010001","MGN3_24h, GLUTag_24h, QGP1_24h",3,2
"000001010010","MGN3_24h, GLUTag_24h, QGP1_6h",3,2
"000001010111","MGN3_24h, GLUTag_24h, PCCL3_24h, QGP1_6h, QGP1_24h",5,2
"000001011000","MGN3_24h, GLUTag_24h, PCCL3_6h",3,2
"000001101100","MGN3_24h, GLUTag_6h, PCCL3_6h, PCCL3_24h",4,2
"000001111111","MGN3_24h, GLUTag_6h, GLUTag_24h, PCCL3_6h, PCCL3_24h, QGP1_6h, QGP1_24h",7,2
"000010001100","MGN3_6h, PCCL3_6h, PCCL3_24h",3,2
"000010100011","MGN3_6h, GLUTag_6h, QGP1_6h, QGP1_24h",4,2
"000011001010","MGN3_6h, MGN3_24h, PCCL3_6h, QGP1_6h",4,2
"000011001111","MGN3_6h, MGN3_24h, PCCL3_6h, PCCL3_24h, QGP1_6h, QGP1_24h",6,2
"000011100010","MGN3_6h, MGN3_24h, GLUTag_6h, QGP1_6h",4,2
"000100001110","aTC1_24h, PCCL3_6h, PCCL3_24h, QGP1_6h",4,2
"000100100011","aTC1_24h, GLUTag_6h, QGP1_6h, QGP1_24h",4,2
"000100110000","aTC1_24h, GLUTag_6h, GLUTag_24h",3,2
"000101000001","aTC1_24h, MGN3_24h, QGP1_24h",3,2
"000101001000","aTC1_24h, MGN3_24h, PCCL3_6h",3,2
"000101100000","aTC1_24h, MGN3_24h, GLUTag_6h",3,2
"000110100000","aTC1_24h, MGN3_6h, GLUTag_6h",3,2
"000111000011","aTC1_24h, MGN3_6h, MGN3_24h, QGP1_6h, QGP1_24h",5,2
"001000001101","aTC1_6h, PCCL3_6h, PCCL3_24h, QGP1_24h",4,2
"001000010001","aTC1_6h, GLUTag_24h, QGP1_24h",3,2
"001000100011","aTC1_6h, GLUTag_6h, QGP1_6h, QGP1_24h",4,2
"001000100100","aTC1_6h, GLUTag_6h, PCCL3_24h",3,2
"001001000001","aTC1_6h, MGN3_24h, QGP1_24h",3,2
"001001000011","aTC1_6h, MGN3_24h, QGP1_6h, QGP1_24h",4,2
"001001011000","aTC1_6h, MGN3_24h, GLUTag_24h, PCCL3_6h",4,2
"001010000001","aTC1_6h, MGN3_6h, QGP1_24h",3,2
"001010000100","aTC1_6h, MGN3_6h, PCCL3_24h",3,2
"001010100001","aTC1_6h, MGN3_6h, GLUTag_6h, QGP1_24h",4,2
"001011000100","aTC1_6h, MGN3_6h, MGN3_24h, PCCL3_24h",4,2
"001011101011","aTC1_6h, MGN3_6h, MGN3_24h, GLUTag_6h, PCCL3_6h, QGP1_6h, QGP1_24h",7,2
"001011101110","aTC1_6h, MGN3_6h, MGN3_24h, GLUTag_6h, PCCL3_6h, PCCL3_24h, QGP1_6h",7,2
"001011110000","aTC1_6h, MGN3_6h, MGN3_24h, GLUTag_6h, GLUTag_24h",5,2
"001100000100","aTC1_6h, aTC1_24h, PCCL3_24h",3,2
"001100001001","aTC1_6h, aTC1_24h, PCCL3_6h, QGP1_24h",4,2
"001100001111","aTC1_6h, aTC1_24h, PCCL3_6h, PCCL3_24h, QGP1_6h, QGP1_24h",6,2
"001100010001","aTC1_6h, aTC1_24h, GLUTag_24h, QGP1_24h",4,2
"001100010011","aTC1_6h, aTC1_24h, GLUTag_24h, QGP1_6h, QGP1_24h",5,2
"001100011100","aTC1_6h, aTC1_24h, GLUTag_24h, PCCL3_6h, PCCL3_24h",5,2
"001100101010","aTC1_6h, aTC1_24h, GLUTag_6h, PCCL3_6h, QGP1_6h",5,2
"001101000100","aTC1_6h, aTC1_24h, MGN3_24h, PCCL3_24h",4,2
"001101001000","aTC1_6h, aTC1_24h, MGN3_24h, PCCL3_6h",4,2
"001111000011","aTC1_6h, aTC1_24h, MGN3_6h, MGN3_24h, QGP1_6h, QGP1_24h",6,2
"001111100000","aTC1_6h, aTC1_24h, MGN3_6h, MGN3_24h, GLUTag_6h",5,2
"010000000110","MIN6_24h, PCCL3_24h, QGP1_6h",3,2
"010000010001","MIN6_24h, GLUTag_24h, QGP1_24h",3,2
"010000010010","MIN6_24h, GLUTag_24h, QGP1_6h",3,2
"010000010011","MIN6_24h, GLUTag_24h, QGP1_6h, QGP1_24h",4,2
"010000011100","MIN6_24h, GLUTag_24h, PCCL3_6h, PCCL3_24h",4,2
"010000100111","MIN6_24h, GLUTag_6h, PCCL3_24h, QGP1_6h, QGP1_24h",5,2
"010000101010","MIN6_24h, GLUTag_6h, PCCL3_6h, QGP1_6h",4,2
"010000101100","MIN6_24h, GLUTag_6h, PCCL3_6h, PCCL3_24h",4,2
"010000110011","MIN6_24h, GLUTag_6h, GLUTag_24h, QGP1_6h, QGP1_24h",5,2
"010001001011","MIN6_24h, MGN3_24h, PCCL3_6h, QGP1_6h, QGP1_24h",5,2
"010001001111","MIN6_24h, MGN3_24h, PCCL3_6h, PCCL3_24h, QGP1_6h, QGP1_24h",6,2
"010001011000","MIN6_24h, MGN3_24h, GLUTag_24h, PCCL3_6h",4,2
"010001011001","MIN6_24h, MGN3_24h, GLUTag_24h, PCCL3_6h, QGP1_24h",5,2
"010001100100","MIN6_24h, MGN3_24h, GLUTag_6h, PCCL3_24h",4,2
"010010000000","MIN6_24h, MGN3_6h",2,2
"010010000011","MIN6_24h, MGN3_6h, QGP1_6h, QGP1_24h",4,2
"010100001110","MIN6_24h, aTC1_24h, PCCL3_6h, PCCL3_24h, QGP1_6h",5,2
"010100011100","MIN6_24h, aTC1_24h, GLUTag_24h, PCCL3_6h, PCCL3_24h",5,2
"010100110000","MIN6_24h, aTC1_24h, GLUTag_6h, GLUTag_24h",4,2
"010101000011","MIN6_24h, aTC1_24h, MGN3_24h, QGP1_6h, QGP1_24h",5,2
"010101001000","MIN6_24h, aTC1_24h, MGN3_24h, PCCL3_6h",4,2
"011000000001","MIN6_24h, aTC1_6h, QGP1_24h",3,2
"011000001011","MIN6_24h, aTC1_6h, PCCL3_6h, QGP1_6h, QGP1_24h",5,2
"011000101100","MIN6_24h, aTC1_6h, GLUTag_6h, PCCL3_6h, PCCL3_24h",5,2
"011000111100","MIN6_24h, aTC1_6h, GLUTag_6h, GLUTag_24h, PCCL3_6h, PCCL3_24h",6,2
"011001000011","MIN6_24h, aTC1_6h, MGN3_24h, QGP1_6h, QGP1_24h",5,2
"011001000100","MIN6_24h, aTC1_6h, MGN3_24h, PCCL3_24h",4,2
"011010100000","MIN6_24h, aTC1_6h, MGN3_6h, GLUTag_6h",4,2
"011100000001","MIN6_24h, aTC1_6h, aTC1_24h, QGP1_24h",4,2
"011100100010","MIN6_24h, aTC1_6h, aTC1_24h, GLUTag_6h, QGP1_6h",5,2
"011100110000","MIN6_24h, aTC1_6h, aTC1_24h, GLUTag_6h, GLUTag_24h",5,2
"011101001000","MIN6_24h, aTC1_6h, aTC1_24h, MGN3_24h, PCCL3_6h",5,2
"011101011100","MIN6_24h, aTC1_6h, aTC1_24h, MGN3_24h, GLUTag_24h, PCCL3_6h, PCCL3_24h",7,2
"011101111100","MIN6_24h, aTC1_6h, aTC1_24h, MGN3_24h, GLUTag_6h, GLUTag_24h, PCCL3_6h, PCCL3_24h",8,2
"011101111110","MIN6_24h, aTC1_6h, aTC1_24h, MGN3_24h, GLUTag_6h, GLUTag_24h, PCCL3_6h, PCCL3_24h, QGP1_6h",9,2
"011111000000","MIN6_24h, aTC1_6h, aTC1_24h, MGN3_6h, MGN3_24h",5,2
"011111100000","MIN6_24h, aTC1_6h, aTC1_24h, MGN3_6h, MGN3_24h, GLUTag_6h",6,2
"100000000110","MIN6_6h, PCCL3_24h, QGP1_6h",3,2
"100000001101","MIN6_6h, PCCL3_6h, PCCL3_24h, QGP1_24h",4,2
"100000011111","MIN6_6h, GLUTag_24h, PCCL3_6h, PCCL3_24h, QGP1_6h, QGP1_24h",6,2
"100000100100","MIN6_6h, GLUTag_6h, PCCL3_24h",3,2
"100000101001","MIN6_6h, GLUTag_6h, PCCL3_6h, QGP1_24h",4,2
"100000101011","MIN6_6h, GLUTag_6h, PCCL3_6h, QGP1_6h, QGP1_24h",5,2
"100000111100","MIN6_6h, GLUTag_6h, GLUTag_24h, PCCL3_6h, PCCL3_24h",5,2
"100001000010","MIN6_6h, MGN3_24h, QGP1_6h",3,2
"100001000100","MIN6_6h, MGN3_24h, PCCL3_24h",3,2
"100001010000","MIN6_6h, MGN3_24h, GLUTag_24h",3,2
"100001100001","MIN6_6h, MGN3_24h, GLUTag_6h, QGP1_24h",4,2
"100010001111","MIN6_6h, MGN3_6h, PCCL3_6h, PCCL3_24h, QGP1_6h, QGP1_24h",6,2
"100010100001","MIN6_6h, MGN3_6h, GLUTag_6h, QGP1_24h",4,2
"100010100100","MIN6_6h, MGN3_6h, GLUTag_6h, PCCL3_24h",4,2
"100010101000","MIN6_6h, MGN3_6h, GLUTag_6h, PCCL3_6h",4,2
"100010110000","MIN6_6h, MGN3_6h, GLUTag_6h, GLUTag_24h",4,2
"100011000001","MIN6_6h, MGN3_6h, MGN3_24h, QGP1_24h",4,2
"100100000011","MIN6_6h, aTC1_24h, QGP1_6h, QGP1_24h",4,2
"100100101000","MIN6_6h, aTC1_24h, GLUTag_6h, PCCL3_6h",4,2
"100101000100","MIN6_6h, aTC1_24h, MGN3_24h, PCCL3_24h",4,2
"101000000011","MIN6_6h, aTC1_6h, QGP1_6h, QGP1_24h",4,2
"101000001100","MIN6_6h, aTC1_6h, PCCL3_6h, PCCL3_24h",4,2
"101000010000","MIN6_6h, aTC1_6h, GLUTag_24h",3,2
"101000100010","MIN6_6h, aTC1_6h, GLUTag_6h, QGP1_6h",4,2
"101000100100","MIN6_6h, aTC1_6h, GLUTag_6h, PCCL3_24h",4,2
"101000110011","MIN6_6h, aTC1_6h, GLUTag_6h, GLUTag_24h, QGP1_6h, QGP1_24h",6,2
"101001100000","MIN6_6h, aTC1_6h, MGN3_24h, GLUTag_6h",4,2
"101011000000","MIN6_6h, aTC1_6h, MGN3_6h, MGN3_24h",4,2
"101011100000","MIN6_6h, aTC1_6h, MGN3_6h, MGN3_24h, GLUTag_6h",5,2
"101011101000","MIN6_6h, aTC1_6h, MGN3_6h, MGN3_24h, GLUTag_6h, PCCL3_6h",6,2
"101011101100","MIN6_6h, aTC1_6h, MGN3_6h, MGN3_24h, GLUTag_6h, PCCL3_6h, PCCL3_24h",7,2
"101100001100","MIN6_6h, aTC1_6h, aTC1_24h, PCCL3_6h, PCCL3_24h",5,2
"101100010000","MIN6_6h, aTC1_6h, aTC1_24h, GLUTag_24h",4,2
"101100101000","MIN6_6h, aTC1_6h, aTC1_24h, GLUTag_6h, PCCL3_6h",5,2
"101100101011","MIN6_6h, aTC1_6h, aTC1_24h, GLUTag_6h, PCCL3_6h, QGP1_6h, QGP1_24h",7,2
"101100101100","MIN6_6h, aTC1_6h, aTC1_24h, GLUTag_6h, PCCL3_6h, PCCL3_24h",6,2
"101100110000","MIN6_6h, aTC1_6h, aTC1_24h, GLUTag_6h, GLUTag_24h",5,2
"101101110000","MIN6_6h, aTC1_6h, aTC1_24h, MGN3_24h, GLUTag_6h, GLUTag_24h",6,2
"101110100000","MIN6_6h, aTC1_6h, aTC1_24h, MGN3_6h, GLUTag_6h",5,2
"101111101100","MIN6_6h, aTC1_6h, aTC1_24h, MGN3_6h, MGN3_24h, GLUTag_6h, PCCL3_6h, PCCL3_24h",8,2
"110000001101","MIN6_6h, MIN6_24h, PCCL3_6h, PCCL3_24h, QGP1_24h",5,2
"110000101100","MIN6_6h, MIN6_24h, GLUTag_6h, PCCL3_6h, PCCL3_24h",5,2
"110000110100","MIN6_6h, MIN6_24h, GLUTag_6h, GLUTag_24h, PCCL3_24h",5,2
"110001000100","MIN6_6h, MIN6_24h, MGN3_24h, PCCL3_24h",4,2
"110001001001","MIN6_6h, MIN6_24h, MGN3_24h, PCCL3_6h, QGP1_24h",5,2
"110001001011","MIN6_6h, MIN6_24h, MGN3_24h, PCCL3_6h, QGP1_6h, QGP1_24h",6,2
"110001010000","MIN6_6h, MIN6_24h, MGN3_24h, GLUTag_24h",4,2
"110001110011","MIN6_6h, MIN6_24h, MGN3_24h, GLUTag_6h, GLUTag_24h, QGP1_6h, QGP1_24h",7,2
"110010000000","MIN6_6h, MIN6_24h, MGN3_6h",3,2
"110010000100","MIN6_6h, MIN6_24h, MGN3_6h, PCCL3_24h",4,2
"110010100000","MIN6_6h, MIN6_24h, MGN3_6h, GLUTag_6h",4,2
"110010101000","MIN6_6h, MIN6_24h, MGN3_6h, GLUTag_6h, PCCL3_6h",5,2
"110011110000","MIN6_6h, MIN6_24h, MGN3_6h, MGN3_24h, GLUTag_6h, GLUTag_24h",6,2
"110011110001","MIN6_6h, MIN6_24h, MGN3_6h, MGN3_24h, GLUTag_6h, GLUTag_24h, QGP1_24h",7,2
"110100000010","MIN6_6h, MIN6_24h, aTC1_24h, QGP1_6h",4,2
"110100001100","MIN6_6h, MIN6_24h, aTC1_24h, PCCL3_6h, PCCL3_24h",5,2
"110100001111","MIN6_6h, MIN6_24h, aTC1_24h, PCCL3_6h, PCCL3_24h, QGP1_6h, QGP1_24h",7,2
"110100010000","MIN6_6h, MIN6_24h, aTC1_24h, GLUTag_24h",4,2
"110100010010","MIN6_6h, MIN6_24h, aTC1_24h, GLUTag_24h, QGP1_6h",5,2
"110100011101","MIN6_6h, MIN6_24h, aTC1_24h, GLUTag_24h, PCCL3_6h, PCCL3_24h, QGP1_24h",7,2
"110100101000","MIN6_6h, MIN6_24h, aTC1_24h, GLUTag_6h, PCCL3_6h",5,2
"110101000001","MIN6_6h, MIN6_24h, aTC1_24h, MGN3_24h, QGP1_24h",5,2
"110101100000","MIN6_6h, MIN6_24h, aTC1_24h, MGN3_24h, GLUTag_6h",5,2
"110101110001","MIN6_6h, MIN6_24h, aTC1_24h, MGN3_24h, GLUTag_6h, GLUTag_24h, QGP1_24h",7,2
"111000000111","MIN6_6h, MIN6_24h, aTC1_6h, PCCL3_24h, QGP1_6h, QGP1_24h",6,2
"111000001000","MIN6_6h, MIN6_24h, aTC1_6h, PCCL3_6h",4,2
"111000001011","MIN6_6h, MIN6_24h, aTC1_6h, PCCL3_6h, QGP1_6h, QGP1_24h",6,2
"111000100001","MIN6_6h, MIN6_24h, aTC1_6h, GLUTag_6h, QGP1_24h",5,2
"111000101000","MIN6_6h, MIN6_24h, aTC1_6h, GLUTag_6h, PCCL3_6h",5,2
"111000101011","MIN6_6h, MIN6_24h, aTC1_6h, GLUTag_6h, PCCL3_6h, QGP1_6h, QGP1_24h",7,2
"111000110000","MIN6_6h, MIN6_24h, aTC1_6h, GLUTag_6h, GLUTag_24h",5,2
"111000110011","MIN6_6h, MIN6_24h, aTC1_6h, GLUTag_6h, GLUTag_24h, QGP1_6h, QGP1_24h",7,2
"111001000011","MIN6_6h, MIN6_24h, aTC1_6h, MGN3_24h, QGP1_6h, QGP1_24h",6,2
"111001111100","MIN6_6h, MIN6_24h, aTC1_6h, MGN3_24h, GLUTag_6h, GLUTag_24h, PCCL3_6h, PCCL3_24h",8,2
"111010100010","MIN6_6h, MIN6_24h, aTC1_6h, MGN3_6h, GLUTag_6h, QGP1_6h",6,2
"111011000100","MIN6_6h, MIN6_24h, aTC1_6h, MGN3_6h, MGN3_24h, PCCL3_24h",6,2
"111011100011","MIN6_6h, MIN6_24h, aTC1_6h, MGN3_6h, MGN3_24h, GLUTag_6h, QGP1_6h, QGP1_24h",8,2
"111011110001","MIN6_6h, MIN6_24h, aTC1_6h, MGN3_6h, MGN3_24h, GLUTag_6h, GLUTag_24h, QGP1_24h",8,2
"111011111011","MIN6_6h, MIN6_24h, aTC1_6h, MGN3_6h, MGN3_24h, GLUTag_6h, GLUTag_24h, PCCL3_6h, QGP1_6h, QGP1_24h",10,2
"111011111111","MIN6_6h, MIN6_24h, aTC1_6h, MGN3_6h, MGN3_24h, GLUTag_6h, GLUTag_24h, PCCL3_6h, PCCL3_24h, QGP1_6h, QGP1_24h",11,2
"111100010010","MIN6_6h, MIN6_24h, aTC1_6h, aTC1_24h, GLUTag_24h, QGP1_6h",6,2
"111100010011","MIN6_6h, MIN6_24h, aTC1_6h, aTC1_24h, GLUTag_24h, QGP1_6h, QGP1_24h",7,2
"111100101011","MIN6_6h, MIN6_24h, aTC1_6h, aTC1_24h, GLUTag_6h, PCCL3_6h, QGP1_6h, QGP1_24h",8,2
"111100110011","MIN6_6h, MIN6_24h, aTC1_6h, aTC1_24h, GLUTag_6h, GLUTag_24h, QGP1_6h, QGP1_24h",8,2
"111100111111","MIN6_6h, MIN6_24h, aTC1_6h, aTC1_24h, GLUTag_6h, GLUTag_24h, PCCL3_6h, PCCL3_24h, QGP1_6h, QGP1_24h",10,2
"111101000011","MIN6_6h, MIN6_24h, aTC1_6h, aTC1_24h, MGN3_24h, QGP1_6h, QGP1_24h",7,2
"111101001011","MIN6_6h, MIN6_24h, aTC1_6h, aTC1_24h, MGN3_24h, PCCL3_6h, QGP1_6h, QGP1_24h",8,2
"111101110001","MIN6_6h, MIN6_24h, aTC1_6h, aTC1_24h, MGN3_24h, GLUTag_6h, GLUTag_24h, QGP1_24h",8,2
"111101111000","MIN6_6h, MIN6_24h, aTC1_6h, aTC1_24h, MGN3_24h, GLUTag_6h, GLUTag_24h, PCCL3_6h",8,2
"111101111100","MIN6_6h, MIN6_24h, aTC1_6h, aTC1_24h, MGN3_24h, GLUTag_6h, GLUTag_24h, PCCL3_6h, PCCL3_24h",9,2
"111110110011","MIN6_6h, MIN6_24h, aTC1_6h, aTC1_24h, MGN3_6h, GLUTag_6h, GLUTag_24h, QGP1_6h, QGP1_24h",9,2
"111111001100","MIN6_6h, MIN6_24h, aTC1_6h, aTC1_24h, MGN3_6h, MGN3_24h, PCCL3_6h, PCCL3_24h",8,2
"111111010011","MIN6_6h, MIN6_24h, aTC1_6h, aTC1_24h, MGN3_6h, MGN3_24h, GLUTag_24h, QGP1_6h, QGP1_24h",9,2
"111111101000","MIN6_6h, MIN6_24h, aTC1_6h, aTC1_24h, MGN3_6h, MGN3_24h, GLUTag_6h, PCCL3_6h",8,2
"111111111001","MIN6_6h, MIN6_24h, aTC1_6h, aTC1_24h, MGN3_6h, MGN3_24h, GLUTag_6h, GLUTag_24h, PCCL3_6h, QGP1_24h",10,2
"000000010111","GLUTag_24h, PCCL3_24h, QGP1_6h, QGP1_24h",4,1
"000000011110","GLUTag_24h, PCCL3_6h, PCCL3_24h, QGP1_6h",4,1
"000000101001","GLUTag_6h, PCCL3_6h, QGP1_24h",3,1
"000000101101","GLUTag_6h, PCCL3_6h, PCCL3_24h, QGP1_24h",4,1
"000000111100","GLUTag_6h, GLUTag_24h, PCCL3_6h, PCCL3_24h",4,1
"000000111101","GLUTag_6h, GLUTag_24h, PCCL3_6h, PCCL3_24h, QGP1_24h",5,1
"000000111110","GLUTag_6h, GLUTag_24h, PCCL3_6h, PCCL3_24h, QGP1_6h",5,1
"000001000110","MGN3_24h, PCCL3_24h, QGP1_6h",3,1
"000001010100","MGN3_24h, GLUTag_24h, PCCL3_24h",3,1
"000001011001","MGN3_24h, GLUTag_24h, PCCL3_6h, QGP1_24h",4,1
"000001011010","MGN3_24h, GLUTag_24h, PCCL3_6h, QGP1_6h",4,1
"000001011100","MGN3_24h, GLUTag_24h, PCCL3_6h, PCCL3_24h",4,1
"000001100010","MGN3_24h, GLUTag_6h, QGP1_6h",3,1
"000001100011","MGN3_24h, GLUTag_6h, QGP1_6h, QGP1_24h",4,1
"000001100100","MGN3_24h, GLUTag_6h, PCCL3_24h",3,1
"000001101011","MGN3_24h, GLUTag_6h, PCCL3_6h, QGP1_6h, QGP1_24h",5,1
"000001101110","MGN3_24h, GLUTag_6h, PCCL3_6h, PCCL3_24h, QGP1_6h",5,1
"000001101111","MGN3_24h, GLUTag_6h, PCCL3_6h, PCCL3_24h, QGP1_6h, QGP1_24h",6,1
"000001110001","MGN3_24h, GLUTag_6h, GLUTag_24h, QGP1_24h",4,1
"000001111000","MGN3_24h, GLUTag_6h, GLUTag_24h, PCCL3_6h",4,1
"000010001010","MGN3_6h, PCCL3_6h, QGP1_6h",3,1
"000010001011","MGN3_6h, PCCL3_6h, QGP1_6h, QGP1_24h",4,1
"000010010011","MGN3_6h, GLUTag_24h, QGP1_6h, QGP1_24h",4,1
"000010010100","MGN3_6h, GLUTag_24h, PCCL3_24h",3,1
"000010011011","MGN3_6h, GLUTag_24h, PCCL3_6h, QGP1_6h, QGP1_24h",5,1
"000010011100","MGN3_6h, GLUTag_24h, PCCL3_6h, PCCL3_24h",4,1
"000010101010","MGN3_6h, GLUTag_6h, PCCL3_6h, QGP1_6h",4,1
"000010110000","MGN3_6h, GLUTag_6h, GLUTag_24h",3,1
"000011000100","MGN3_6h, MGN3_24h, PCCL3_24h",3,1
"000011000101","MGN3_6h, MGN3_24h, PCCL3_24h, QGP1_24h",4,1
"000011001101","MGN3_6h, MGN3_24h, PCCL3_6h, PCCL3_24h, QGP1_24h",5,1
"000011001110","MGN3_6h, MGN3_24h, PCCL3_6h, PCCL3_24h, QGP1_6h",5,1
"000011010011","MGN3_6h, MGN3_24h, GLUTag_24h, QGP1_6h, QGP1_24h",5,1
"000011011000","MGN3_6h, MGN3_24h, GLUTag_24h, PCCL3_6h",4,1
"000011011100","MGN3_6h, MGN3_24h, GLUTag_24h, PCCL3_6h, PCCL3_24h",5,1
"000011100001","MGN3_6h, MGN3_24h, GLUTag_6h, QGP1_24h",4,1
"000011101001","MGN3_6h, MGN3_24h, GLUTag_6h, PCCL3_6h, QGP1_24h",5,1
"000011101011","MGN3_6h, MGN3_24h, GLUTag_6h, PCCL3_6h, QGP1_6h, QGP1_24h",6,1
"000011101110","MGN3_6h, MGN3_24h, GLUTag_6h, PCCL3_6h, PCCL3_24h, QGP1_6h",6,1
"000011110000","MGN3_6h, MGN3_24h, GLUTag_6h, GLUTag_24h",4,1
"000011110010","MGN3_6h, MGN3_24h, GLUTag_6h, GLUTag_24h, QGP1_6h",5,1
"000011111000","MGN3_6h, MGN3_24h, GLUTag_6h, GLUTag_24h, PCCL3_6h",5,1
"000100000110","aTC1_24h, PCCL3_24h, QGP1_6h",3,1
"000100000111","aTC1_24h, PCCL3_24h, QGP1_6h, QGP1_24h",4,1
"000100011001","aTC1_24h, GLUTag_24h, PCCL3_6h, QGP1_24h",4,1
"000100011100","aTC1_24h, GLUTag_24h, PCCL3_6h, PCCL3_24h",4,1
"000100011110","aTC1_24h, GLUTag_24h, PCCL3_6h, PCCL3_24h, QGP1_6h",5,1
"000100100010","aTC1_24h, GLUTag_6h, QGP1_6h",3,1
"000100100100","aTC1_24h, GLUTag_6h, PCCL3_24h",3,1
"000100101110","aTC1_24h, GLUTag_6h, PCCL3_6h, PCCL3_24h, QGP1_6h",5,1
"000100111110","aTC1_24h, GLUTag_6h, GLUTag_24h, PCCL3_6h, PCCL3_24h, QGP1_6h",6,1
"000101000011","aTC1_24h, MGN3_24h, QGP1_6h, QGP1_24h",4,1
"000101001001","aTC1_24h, MGN3_24h, PCCL3_6h, QGP1_24h",4,1
"000101001010","aTC1_24h, MGN3_24h, PCCL3_6h, QGP1_6h",4,1
"000101001101","aTC1_24h, MGN3_24h, PCCL3_6h, PCCL3_24h, QGP1_24h",5,1
"000101010001","aTC1_24h, MGN3_24h, GLUTag_24h, QGP1_24h",4,1
"000101010100","aTC1_24h, MGN3_24h, GLUTag_24h, PCCL3_24h",4,1
"000101100011","aTC1_24h, MGN3_24h, GLUTag_6h, QGP1_6h, QGP1_24h",5,1
"000101110000","aTC1_24h, MGN3_24h, GLUTag_6h, GLUTag_24h",4,1
"000110000000","aTC1_24h, MGN3_6h",2,1
"000111000001","aTC1_24h, MGN3_6h, MGN3_24h, QGP1_24h",4,1
"000111110011","aTC1_24h, MGN3_6h, MGN3_24h, GLUTag_6h, GLUTag_24h, QGP1_6h, QGP1_24h",7,1
"001000001001","aTC1_6h, PCCL3_6h, QGP1_24h",3,1
"001000011100","aTC1_6h, GLUTag_24h, PCCL3_6h, PCCL3_24h",4,1
"001000011110","aTC1_6h, GLUTag_24h, PCCL3_6h, PCCL3_24h, QGP1_6h",5,1
"001000011111","aTC1_6h, GLUTag_24h, PCCL3_6h, PCCL3_24h, QGP1_6h, QGP1_24h",6,1
"001000101011","aTC1_6h, GLUTag_6h, PCCL3_6h, QGP1_6h, QGP1_24h",5,1
"001000101111","aTC1_6h, GLUTag_6h, PCCL3_6h, PCCL3_24h, QGP1_6h, QGP1_24h",6,1
"001000110010","aTC1_6h, GLUTag_6h, GLUTag_24h, QGP1_6h",4,1
"001001000010","aTC1_6h, MGN3_24h, QGP1_6h",3,1
"001001000100","aTC1_6h, MGN3_24h, PCCL3_24h",3,1
"001001000101","aTC1_6h, MGN3_24h, PCCL3_24h, QGP1_24h",4,1
"001001000110","aTC1_6h, MGN3_24h, PCCL3_24h, QGP1_6h",4,1
"001001001010","aTC1_6h, MGN3_24h, PCCL3_6h, QGP1_6h",4,1
"001001001110","aTC1_6h, MGN3_24h, PCCL3_6h, PCCL3_24h, QGP1_6h",5,1
"001001010001","aTC1_6h, MGN3_24h, GLUTag_24h, QGP1_24h",4,1
"001001011111","aTC1_6h, MGN3_24h, GLUTag_24h, PCCL3_6h, PCCL3_24h, QGP1_6h, QGP1_24h",7,1
"001001100011","aTC1_6h, MGN3_24h, GLUTag_6h, QGP1_6h, QGP1_24h",5,1
"001001110000","aTC1_6h, MGN3_24h, GLUTag_6h, GLUTag_24h",4,1
"001001111110","aTC1_6h, MGN3_24h, GLUTag_6h, GLUTag_24h, PCCL3_6h, PCCL3_24h, QGP1_6h",7,1
"001001111111","aTC1_6h, MGN3_24h, GLUTag_6h, GLUTag_24h, PCCL3_6h, PCCL3_24h, QGP1_6h, QGP1_24h",8,1
"001010000101","aTC1_6h, MGN3_6h, PCCL3_24h, QGP1_24h",4,1
"001010000110","aTC1_6h, MGN3_6h, PCCL3_24h, QGP1_6h",4,1
"001010010000","aTC1_6h, MGN3_6h, GLUTag_24h",3,1
"001010100100","aTC1_6h, MGN3_6h, GLUTag_6h, PCCL3_24h",4,1
"001011001000","aTC1_6h, MGN3_6h, MGN3_24h, PCCL3_6h",4,1
"001011001011","aTC1_6h, MGN3_6h, MGN3_24h, PCCL3_6h, QGP1_6h, QGP1_24h",6,1
"001011001100","aTC1_6h, MGN3_6h, MGN3_24h, PCCL3_6h, PCCL3_24h",5,1
"001011001111","aTC1_6h, MGN3_6h, MGN3_24h, PCCL3_6h, PCCL3_24h, QGP1_6h, QGP1_24h",7,1
"001011010000","aTC1_6h, MGN3_6h, MGN3_24h, GLUTag_24h",4,1
"001011100011","aTC1_6h, MGN3_6h, MGN3_24h, GLUTag_6h, QGP1_6h, QGP1_24h",6,1
"001011100101","aTC1_6h, MGN3_6h, MGN3_24h, GLUTag_6h, PCCL3_24h, QGP1_24h",6,1
"001011101000","aTC1_6h, MGN3_6h, MGN3_24h, GLUTag_6h, PCCL3_6h",5,1
"001011111010","aTC1_6h, MGN3_6h, MGN3_24h, GLUTag_6h, GLUTag_24h, PCCL3_6h, QGP1_6h",7,1
"001100000101","aTC1_6h, aTC1_24h, PCCL3_24h, QGP1_24h",4,1
"001100000111","aTC1_6h, aTC1_24h, PCCL3_24h, QGP1_6h, QGP1_24h",5,1
"001100001101","aTC1_6h, aTC1_24h, PCCL3_6h, PCCL3_24h, QGP1_24h",5,1
"001100001110","aTC1_6h, aTC1_24h, PCCL3_6h, PCCL3_24h, QGP1_6h",5,1
"001100011111","aTC1_6h, aTC1_24h, GLUTag_24h, PCCL3_6h, PCCL3_24h, QGP1_6h, QGP1_24h",7,1
"001100100010","aTC1_6h, aTC1_24h, GLUTag_6h, QGP1_6h",4,1
"001100101001","aTC1_6h, aTC1_24h, GLUTag_6h, PCCL3_6h, QGP1_24h",5,1
"001100101011","aTC1_6h, aTC1_24h, GLUTag_6h, PCCL3_6h, QGP1_6h, QGP1_24h",6,1
"001100101110","aTC1_6h, aTC1_24h, GLUTag_6h, PCCL3_6h, PCCL3_24h, QGP1_6h",6,1
"001100110011","aTC1_6h, aTC1_24h, GLUTag_6h, GLUTag_24h, QGP1_6h, QGP1_24h",6,1
"001100111000","aTC1_6h, aTC1_24h, GLUTag_6h, GLUTag_24h, PCCL3_6h",5,1
"001100111110","aTC1_6h, aTC1_24h, GLUTag_6h, GLUTag_24h, PCCL3_6h, PCCL3_24h, QGP1_6h",7,1
"001101001001","aTC1_6h, aTC1_24h, MGN3_24h, PCCL3_6h, QGP1_24h",5,1
"001101001011","aTC1_6h, aTC1_24h, MGN3_24h, PCCL3_6h, QGP1_6h, QGP1_24h",6,1
"001101001100","aTC1_6h, aTC1_24h, MGN3_24h, PCCL3_6h, PCCL3_24h",5,1
"001101001110","aTC1_6h, aTC1_24h, MGN3_24h, PCCL3_6h, PCCL3_24h, QGP1_6h",6,1
"001101010000","aTC1_6h, aTC1_24h, MGN3_24h, GLUTag_24h",4,1
"001101010001","aTC1_6h, aTC1_24h, MGN3_24h, GLUTag_24h, QGP1_24h",5,1
"001101010010","aTC1_6h, aTC1_24h, MGN3_24h, GLUTag_24h, QGP1_6h",5,1
"001101011100","aTC1_6h, aTC1_24h, MGN3_24h, GLUTag_24h, PCCL3_6h, PCCL3_24h",6,1
"001101011110","aTC1_6h, aTC1_24h, MGN3_24h, GLUTag_24h, PCCL3_6h, PCCL3_24h, QGP1_6h",7,1
"001101100011","aTC1_6h, aTC1_24h, MGN3_24h, GLUTag_6h, QGP1_6h, QGP1_24h",6,1
"001101101100","aTC1_6h, aTC1_24h, MGN3_24h, GLUTag_6h, PCCL3_6h, PCCL3_24h",6,1
"001101101110","aTC1_6h, aTC1_24h, MGN3_24h, GLUTag_6h, PCCL3_6h, PCCL3_24h, QGP1_6h",7,1
"001101110010","aTC1_6h, aTC1_24h, MGN3_24h, GLUTag_6h, GLUTag_24h, QGP1_6h",6,1
"001101110011","aTC1_6h, aTC1_24h, MGN3_24h, GLUTag_6h, GLUTag_24h, QGP1_6h, QGP1_24h",7,1
"001101110100","aTC1_6h, aTC1_24h, MGN3_24h, GLUTag_6h, GLUTag_24h, PCCL3_24h",6,1
"001101111100","aTC1_6h, aTC1_24h, MGN3_24h, GLUTag_6h, GLUTag_24h, PCCL3_6h, PCCL3_24h",7,1
"001101111101","aTC1_6h, aTC1_24h, MGN3_24h, GLUTag_6h, GLUTag_24h, PCCL3_6h, PCCL3_24h, QGP1_24h",8,1
"001110000010","aTC1_6h, aTC1_24h, MGN3_6h, QGP1_6h",4,1
"001110011100","aTC1_6h, aTC1_24h, MGN3_6h, GLUTag_24h, PCCL3_6h, PCCL3_24h",6,1
"001110100000","aTC1_6h, aTC1_24h, MGN3_6h, GLUTag_6h",4,1
"001111000001","aTC1_6h, aTC1_24h, MGN3_6h, MGN3_24h, QGP1_24h",5,1
"001111001011","aTC1_6h, aTC1_24h, MGN3_6h, MGN3_24h, PCCL3_6h, QGP1_6h, QGP1_24h",7,1
"001111001100","aTC1_6h, aTC1_24h, MGN3_6h, MGN3_24h, PCCL3_6h, PCCL3_24h",6,1
"001111001111","aTC1_6h, aTC1_24h, MGN3_6h, MGN3_24h, PCCL3_6h, PCCL3_24h, QGP1_6h, QGP1_24h",8,1
"001111010000","aTC1_6h, aTC1_24h, MGN3_6h, MGN3_24h, GLUTag_24h",5,1
"001111011000","aTC1_6h, aTC1_24h, MGN3_6h, MGN3_24h, GLUTag_24h, PCCL3_6h",6,1
"001111101011","aTC1_6h, aTC1_24h, MGN3_6h, MGN3_24h, GLUTag_6h, PCCL3_6h, QGP1_6h, QGP1_24h",8,1
"001111101110","aTC1_6h, aTC1_24h, MGN3_6h, MGN3_24h, GLUTag_6h, PCCL3_6h, PCCL3_24h, QGP1_6h",8,1
"010000010101","MIN6_24h, GLUTag_24h, PCCL3_24h, QGP1_24h",4,1
"010000010111","MIN6_24h, GLUTag_24h, PCCL3_24h, QGP1_6h, QGP1_24h",5,1
"010000011010","MIN6_24h, GLUTag_24h, PCCL3_6h, QGP1_6h",4,1
"010000011011","MIN6_24h, GLUTag_24h, PCCL3_6h, QGP1_6h, QGP1_24h",5,1
"010000100010","MIN6_24h, GLUTag_6h, QGP1_6h",3,1
"010000100101","MIN6_24h, GLUTag_6h, PCCL3_24h, QGP1_24h",4,1
"010000101011","MIN6_24h, GLUTag_6h, PCCL3_6h, QGP1_6h, QGP1_24h",5,1
"010000110001","MIN6_24h, GLUTag_6h, GLUTag_24h, QGP1_24h",4,1
"010000111000","MIN6_24h, GLUTag_6h, GLUTag_24h, PCCL3_6h",4,1
"010000111100","MIN6_24h, GLUTag_6h, GLUTag_24h, PCCL3_6h, PCCL3_24h",5,1
"010001000111","MIN6_24h, MGN3_24h, PCCL3_24h, QGP1_6h, QGP1_24h",5,1
"010001001001","MIN6_24h, MGN3_24h, PCCL3_6h, QGP1_24h",4,1
"010001001010","MIN6_24h, MGN3_24h, PCCL3_6h, QGP1_6h",4,1
"010001001101","MIN6_24h, MGN3_24h, PCCL3_6h, PCCL3_24h, QGP1_24h",5,1
"010001010001","MIN6_24h, MGN3_24h, GLUTag_24h, QGP1_24h",4,1
"010001010010","MIN6_24h, MGN3_24h, GLUTag_24h, QGP1_6h",4,1
"010001010100","MIN6_24h, MGN3_24h, GLUTag_24h, PCCL3_24h",4,1
"010001010111","MIN6_24h, MGN3_24h, GLUTag_24h, PCCL3_24h, QGP1_6h, QGP1_24h",6,1
"010001011010","MIN6_24h, MGN3_24h, GLUTag_24h, PCCL3_6h, QGP1_6h",5,1
"010001011100","MIN6_24h, MGN3_24h, GLUTag_24h, PCCL3_6h, PCCL3_24h",5,1
"010001011101","MIN6_24h, MGN3_24h, GLUTag_24h, PCCL3_6h, PCCL3_24h, QGP1_24h",6,1
"010001011111","MIN6_24h, MGN3_24h, GLUTag_24h, PCCL3_6h, PCCL3_24h, QGP1_6h, QGP1_24h",7,1
"010001100001","MIN6_24h, MGN3_24h, GLUTag_6h, QGP1_24h",4,1
"010001101010","MIN6_24h, MGN3_24h, GLUTag_6h, PCCL3_6h, QGP1_6h",5,1
"010001101100","MIN6_24h, MGN3_24h, GLUTag_6h, PCCL3_6h, PCCL3_24h",5,1
"010001101101","MIN6_24h, MGN3_24h, GLUTag_6h, PCCL3_6h, PCCL3_24h, QGP1_24h",6,1
"010001101111","MIN6_24h, MGN3_24h, GLUTag_6h, PCCL3_6h, PCCL3_24h, QGP1_6h, QGP1_24h",7,1
"010001110011","MIN6_24h, MGN3_24h, GLUTag_6h, GLUTag_24h, QGP1_6h, QGP1_24h",6,1
"010001111100","MIN6_24h, MGN3_24h, GLUTag_6h, GLUTag_24h, PCCL3_6h, PCCL3_24h",6,1
"010010000100","MIN6_24h, MGN3_6h, PCCL3_24h",3,1
"010010100000","MIN6_24h, MGN3_6h, GLUTag_6h",3,1
"010011001100","MIN6_24h, MGN3_6h, MGN3_24h, PCCL3_6h, PCCL3_24h",5,1
"010011001101","MIN6_24h, MGN3_6h, MGN3_24h, PCCL3_6h, PCCL3_24h, QGP1_24h",6,1
"010011010001","MIN6_24h, MGN3_6h, MGN3_24h, GLUTag_24h, QGP1_24h",5,1
"010011011001","MIN6_24h, MGN3_6h, MGN3_24h, GLUTag_24h, PCCL3_6h, QGP1_24h",6,1
"010011100000","MIN6_24h, MGN3_6h, MGN3_24h, GLUTag_6h",4,1
"010011110000","MIN6_24h, MGN3_6h, MGN3_24h, GLUTag_6h, GLUTag_24h",5,1
"010011111111","MIN6_24h, MGN3_6h, MGN3_24h, GLUTag_6h, GLUTag_24h, PCCL3_6h, PCCL3_24h, QGP1_6h, QGP1_24h",9,1
"010100000101","MIN6_24h, aTC1_24h, PCCL3_24h, QGP1_24h",4,1
"010100000110","MIN6_24h, aTC1_24h, PCCL3_24h, QGP1_6h",4,1
"010100001010","MIN6_24h, aTC1_24h, PCCL3_6h, QGP1_6h",4,1
"010100001011","MIN6_24h, aTC1_24h, PCCL3_6h, QGP1_6h, QGP1_24h",5,1
"010100001111","MIN6_24h, aTC1_24h, PCCL3_6h, PCCL3_24h, QGP1_6h, QGP1_24h",6,1
"010100010010","MIN6_24h, aTC1_24h, GLUTag_24h, QGP1_6h",4,1
"010100010011","MIN6_24h, aTC1_24h, GLUTag_24h, QGP1_6h, QGP1_24h",5,1
"010100010101","MIN6_24h, aTC1_24h, GLUTag_24h, PCCL3_24h, QGP1_24h",5,1
"010100011000","MIN6_24h, aTC1_24h, GLUTag_24h, PCCL3_6h",4,1
"010100100011","MIN6_24h, aTC1_24h, GLUTag_6h, QGP1_6h, QGP1_24h",5,1
"010100100100","MIN6_24h, aTC1_24h, GLUTag_6h, PCCL3_24h",4,1
"010100110010","MIN6_24h, aTC1_24h, GLUTag_6h, GLUTag_24h, QGP1_6h",5,1
"010101001111","MIN6_24h, aTC1_24h, MGN3_24h, PCCL3_6h, PCCL3_24h, QGP1_6h, QGP1_24h",7,1
"010101010011","MIN6_24h, aTC1_24h, MGN3_24h, GLUTag_24h, QGP1_6h, QGP1_24h",6,1
"010101011100","MIN6_24h, aTC1_24h, MGN3_24h, GLUTag_24h, PCCL3_6h, PCCL3_24h",6,1
"010101011101","MIN6_24h, aTC1_24h, MGN3_24h, GLUTag_24h, PCCL3_6h, PCCL3_24h, QGP1_24h",7,1
"010101101010","MIN6_24h, aTC1_24h, MGN3_24h, GLUTag_6h, PCCL3_6h, QGP1_6h",6,1
"010101110000","MIN6_24h, aTC1_24h, MGN3_24h, GLUTag_6h, GLUTag_24h",5,1
"010101110010","MIN6_24h, aTC1_24h, MGN3_24h, GLUTag_6h, GLUTag_24h, QGP1_6h",6,1
"010101110011","MIN6_24h, aTC1_24h, MGN3_24h, GLUTag_6h, GLUTag_24h, QGP1_6h, QGP1_24h",7,1
"010110000011","MIN6_24h, aTC1_24h, MGN3_6h, QGP1_6h, QGP1_24h",5,1
"010111000000","MIN6_24h, aTC1_24h, MGN3_6h, MGN3_24h",4,1
"010111000011","MIN6_24h, aTC1_24h, MGN3_6h, MGN3_24h, QGP1_6h, QGP1_24h",6,1
"011000000100","MIN6_24h, aTC1_6h, PCCL3_24h",3,1
"011000000111","MIN6_24h, aTC1_6h, PCCL3_24h, QGP1_6h, QGP1_24h",5,1
"011000001001","MIN6_24h, aTC1_6h, PCCL3_6h, QGP1_24h",4,1
"011000001110","MIN6_24h, aTC1_6h, PCCL3_6h, PCCL3_24h, QGP1_6h",5,1
"011000001111","MIN6_24h, aTC1_6h, PCCL3_6h, PCCL3_24h, QGP1_6h, QGP1_24h",6,1
"011000010000","MIN6_24h, aTC1_6h, GLUTag_24h",3,1
"011000011010","MIN6_24h, aTC1_6h, GLUTag_24h, PCCL3_6h, QGP1_6h",5,1
"011000011110","MIN6_24h, aTC1_6h, GLUTag_24h, PCCL3_6h, PCCL3_24h, QGP1_6h",6,1
"011000100001","MIN6_24h, aTC1_6h, GLUTag_6h, QGP1_24h",4,1
"011000101010","MIN6_24h, aTC1_6h, GLUTag_6h, PCCL3_6h, QGP1_6h",5,1
"011000101110","MIN6_24h, aTC1_6h, GLUTag_6h, PCCL3_6h, PCCL3_24h, QGP1_6h",6,1
"011000110000","MIN6_24h, aTC1_6h, GLUTag_6h, GLUTag_24h",4,1
"011000110011","MIN6_24h, aTC1_6h, GLUTag_6h, GLUTag_24h, QGP1_6h, QGP1_24h",6,1
"011000111000","MIN6_24h, aTC1_6h, GLUTag_6h, GLUTag_24h, PCCL3_6h",5,1
"011000111110","MIN6_24h, aTC1_6h, GLUTag_6h, GLUTag_24h, PCCL3_6h, PCCL3_24h, QGP1_6h",7,1
"011001000010","MIN6_24h, aTC1_6h, MGN3_24h, QGP1_6h",4,1
"011001001100","MIN6_24h, aTC1_6h, MGN3_24h, PCCL3_6h, PCCL3_24h",5,1
"011001010000","MIN6_24h, aTC1_6h, MGN3_24h, GLUTag_24h",4,1
"011001010001","MIN6_24h, aTC1_6h, MGN3_24h, GLUTag_24h, QGP1_24h",5,1
"011001010011","MIN6_24h, aTC1_6h, MGN3_24h, GLUTag_24h, QGP1_6h, QGP1_24h",6,1
"011001010101","MIN6_24h, aTC1_6h, MGN3_24h, GLUTag_24h, PCCL3_24h, QGP1_24h",6,1
"011001011000","MIN6_24h, aTC1_6h, MGN3_24h, GLUTag_24h, PCCL3_6h",5,1
"011001100000","MIN6_24h, aTC1_6h, MGN3_24h, GLUTag_6h",4,1
"011001101111","MIN6_24h, aTC1_6h, MGN3_24h, GLUTag_6h, PCCL3_6h, PCCL3_24h, QGP1_6h, QGP1_24h",8,1
"011001111100","MIN6_24h, aTC1_6h, MGN3_24h, GLUTag_6h, GLUTag_24h, PCCL3_6h, PCCL3_24h",7,1
"011010001000","MIN6_24h, aTC1_6h, MGN3_6h, PCCL3_6h",4,1
"011010010000","MIN6_24h, aTC1_6h, MGN3_6h, GLUTag_24h",4,1
"011010100100","MIN6_24h, aTC1_6h, MGN3_6h, GLUTag_6h, PCCL3_24h",5,1
"011011000001","MIN6_24h, aTC1_6h, MGN3_6h, MGN3_24h, QGP1_24h",5,1
"011011000011","MIN6_24h, aTC1_6h, MGN3_6h, MGN3_24h, QGP1_6h, QGP1_24h",6,1
"011011001111","MIN6_24h, aTC1_6h, MGN3_6h, MGN3_24h, PCCL3_6h, PCCL3_24h, QGP1_6h, QGP1_24h",8,1
"011011100000","MIN6_24h, aTC1_6h, MGN3_6h, MGN3_24h, GLUTag_6h",5,1
"011011110000","MIN6_24h, aTC1_6h, MGN3_6h, MGN3_24h, GLUTag_6h, GLUTag_24h",6,1
"011011111000","MIN6_24h, aTC1_6h, MGN3_6h, MGN3_24h, GLUTag_6h, GLUTag_24h, PCCL3_6h",7,1
"011011111110","MIN6_24h, aTC1_6h, MGN3_6h, MGN3_24h, GLUTag_6h, GLUTag_24h, PCCL3_6h, PCCL3_24h, QGP1_6h",9,1
"011011111111","MIN6_24h, aTC1_6h, MGN3_6h, MGN3_24h, GLUTag_6h, GLUTag_24h, PCCL3_6h, PCCL3_24h, QGP1_6h, QGP1_24h",10,1
"011100000111","MIN6_24h, aTC1_6h, aTC1_24h, PCCL3_24h, QGP1_6h, QGP1_24h",6,1
"011100001101","MIN6_24h, aTC1_6h, aTC1_24h, PCCL3_6h, PCCL3_24h, QGP1_24h",6,1
"011100010001","MIN6_24h, aTC1_6h, aTC1_24h, GLUTag_24h, QGP1_24h",5,1
"011100011100","MIN6_24h, aTC1_6h, aTC1_24h, GLUTag_24h, PCCL3_6h, PCCL3_24h",6,1
"011100011111","MIN6_24h, aTC1_6h, aTC1_24h, GLUTag_24h, PCCL3_6h, PCCL3_24h, QGP1_6h, QGP1_24h",8,1
"011100100011","MIN6_24h, aTC1_6h, aTC1_24h, GLUTag_6h, QGP1_6h, QGP1_24h",6,1
"011100110111","MIN6_24h, aTC1_6h, aTC1_24h, GLUTag_6h, GLUTag_24h, PCCL3_24h, QGP1_6h, QGP1_24h",8,1
"011100111110","MIN6_24h, aTC1_6h, aTC1_24h, GLUTag_6h, GLUTag_24h, PCCL3_6h, PCCL3_24h, QGP1_6h",8,1
"011101001101","MIN6_24h, aTC1_6h, aTC1_24h, MGN3_24h, PCCL3_6h, PCCL3_24h, QGP1_24h",7,1
"011101001111","MIN6_24h, aTC1_6h, aTC1_24h, MGN3_24h, PCCL3_6h, PCCL3_24h, QGP1_6h, QGP1_24h",8,1
"011101010011","MIN6_24h, aTC1_6h, aTC1_24h, MGN3_24h, GLUTag_24h, QGP1_6h, QGP1_24h",7,1
"011101010101","MIN6_24h, aTC1_6h, aTC1_24h, MGN3_24h, GLUTag_24h, PCCL3_24h, QGP1_24h",7,1
"011101100001","MIN6_24h, aTC1_6h, aTC1_24h, MGN3_24h, GLUTag_6h, QGP1_24h",6,1
"011101100110","MIN6_24h, aTC1_6h, aTC1_24h, MGN3_24h, GLUTag_6h, PCCL3_24h, QGP1_6h",7,1
"011101110000","MIN6_24h, aTC1_6h, aTC1_24h, MGN3_24h, GLUTag_6h, GLUTag_24h",6,1
"011101110010","MIN6_24h, aTC1_6h, aTC1_24h, MGN3_24h, GLUTag_6h, GLUTag_24h, QGP1_6h",7,1
"011101111010","MIN6_24h, aTC1_6h, aTC1_24h, MGN3_24h, GLUTag_6h, GLUTag_24h, PCCL3_6h, QGP1_6h",8,1
"011101111101","MIN6_24h, aTC1_6h, aTC1_24h, MGN3_24h, GLUTag_6h, GLUTag_24h, PCCL3_6h, PCCL3_24h, QGP1_24h",9,1
"011110000100","MIN6_24h, aTC1_6h, aTC1_24h, MGN3_6h, PCCL3_24h",5,1
"011110100000","MIN6_24h, aTC1_6h, aTC1_24h, MGN3_6h, GLUTag_6h",5,1
"011110101000","MIN6_24h, aTC1_6h, aTC1_24h, MGN3_6h, GLUTag_6h, PCCL3_6h",6,1
"011111000010","MIN6_24h, aTC1_6h, aTC1_24h, MGN3_6h, MGN3_24h, QGP1_6h",6,1
"011111000011","MIN6_24h, aTC1_6h, aTC1_24h, MGN3_6h, MGN3_24h, QGP1_6h, QGP1_24h",7,1
"011111010010","MIN6_24h, aTC1_6h, aTC1_24h, MGN3_6h, MGN3_24h, GLUTag_24h, QGP1_6h",7,1
"011111010101","MIN6_24h, aTC1_6h, aTC1_24h, MGN3_6h, MGN3_24h, GLUTag_24h, PCCL3_24h, QGP1_24h",8,1
"011111011100","MIN6_24h, aTC1_6h, aTC1_24h, MGN3_6h, MGN3_24h, GLUTag_24h, PCCL3_6h, PCCL3_24h",8,1
"011111101101","MIN6_24h, aTC1_6h, aTC1_24h, MGN3_6h, MGN3_24h, GLUTag_6h, PCCL3_6h, PCCL3_24h, QGP1_24h",9,1
"011111110001","MIN6_24h, aTC1_6h, aTC1_24h, MGN3_6h, MGN3_24h, GLUTag_6h, GLUTag_24h, QGP1_24h",8,1
"011111111000","MIN6_24h, aTC1_6h, aTC1_24h, MGN3_6h, MGN3_24h, GLUTag_6h, GLUTag_24h, PCCL3_6h",8,1
"011111111011","MIN6_24h, aTC1_6h, aTC1_24h, MGN3_6h, MGN3_24h, GLUTag_6h, GLUTag_24h, PCCL3_6h, QGP1_6h, QGP1_24h",10,1
"100000000101","MIN6_6h, PCCL3_24h, QGP1_24h",3,1
"100000010010","MIN6_6h, GLUTag_24h, QGP1_6h",3,1
"100000010011","MIN6_6h, GLUTag_24h, QGP1_6h, QGP1_24h",4,1
"100000011011","MIN6_6h, GLUTag_24h, PCCL3_6h, QGP1_6h, QGP1_24h",5,1
"100000011101","MIN6_6h, GLUTag_24h, PCCL3_6h, PCCL3_24h, QGP1_24h",5,1
"100000100110","MIN6_6h, GLUTag_6h, PCCL3_24h, QGP1_6h",4,1
"100000101111","MIN6_6h, GLUTag_6h, PCCL3_6h, PCCL3_24h, QGP1_6h, QGP1_24h",6,1
"100000110010","MIN6_6h, GLUTag_6h, GLUTag_24h, QGP1_6h",4,1
"100000110011","MIN6_6h, GLUTag_6h, GLUTag_24h, QGP1_6h, QGP1_24h",5,1
"100000110100","MIN6_6h, GLUTag_6h, GLUTag_24h, PCCL3_24h",4,1
"100000111000","MIN6_6h, GLUTag_6h, GLUTag_24h, PCCL3_6h",4,1
"100000111001","MIN6_6h, GLUTag_6h, GLUTag_24h, PCCL3_6h, QGP1_24h",5,1
"100001001110","MIN6_6h, MGN3_24h, PCCL3_6h, PCCL3_24h, QGP1_6h",5,1
"100001010011","MIN6_6h, MGN3_24h, GLUTag_24h, QGP1_6h, QGP1_24h",5,1
"100001011001","MIN6_6h, MGN3_24h, GLUTag_24h, PCCL3_6h, QGP1_24h",5,1
"100001100010","MIN6_6h, MGN3_24h, GLUTag_6h, QGP1_6h",4,1
"100001110010","MIN6_6h, MGN3_24h, GLUTag_6h, GLUTag_24h, QGP1_6h",5,1
"100001110011","MIN6_6h, MGN3_24h, GLUTag_6h, GLUTag_24h, QGP1_6h, QGP1_24h",6,1
"100010000110","MIN6_6h, MGN3_6h, PCCL3_24h, QGP1_6h",4,1
"100010001100","MIN6_6h, MGN3_6h, PCCL3_6h, PCCL3_24h",4,1
"100010100011","MIN6_6h, MGN3_6h, GLUTag_6h, QGP1_6h, QGP1_24h",5,1
"100010101001","MIN6_6h, MGN3_6h, GLUTag_6h, PCCL3_6h, QGP1_24h",5,1
"100010101100","MIN6_6h, MGN3_6h, GLUTag_6h, PCCL3_6h, PCCL3_24h",5,1
"100011000100","MIN6_6h, MGN3_6h, MGN3_24h, PCCL3_24h",4,1
"100011001000","MIN6_6h, MGN3_6h, MGN3_24h, PCCL3_6h",4,1
"100011001100","MIN6_6h, MGN3_6h, MGN3_24h, PCCL3_6h, PCCL3_24h",5,1
"100011001110","MIN6_6h, MGN3_6h, MGN3_24h, PCCL3_6h, PCCL3_24h, QGP1_6h",6,1
"100011001111","MIN6_6h, MGN3_6h, MGN3_24h, PCCL3_6h, PCCL3_24h, QGP1_6h, QGP1_24h",7,1
"100011010000","MIN6_6h, MGN3_6h, MGN3_24h, GLUTag_24h",4,1
"100011100000","MIN6_6h, MGN3_6h, MGN3_24h, GLUTag_6h",4,1
"100011101101","MIN6_6h, MGN3_6h, MGN3_24h, GLUTag_6h, PCCL3_6h, PCCL3_24h, QGP1_24h",7,1
"100011110000","MIN6_6h, MGN3_6h, MGN3_24h, GLUTag_6h, GLUTag_24h",5,1
"100100000010","MIN6_6h, aTC1_24h, QGP1_6h",3,1
"100100000100","MIN6_6h, aTC1_24h, PCCL3_24h",3,1
"100100001000","MIN6_6h, aTC1_24h, PCCL3_6h",3,1
"100100001001","MIN6_6h, aTC1_24h, PCCL3_6h, QGP1_24h",4,1
"100100001100","MIN6_6h, aTC1_24h, PCCL3_6h, PCCL3_24h",4,1
"100100001111","MIN6_6h, aTC1_24h, PCCL3_6h, PCCL3_24h, QGP1_6h, QGP1_24h",6,1
"100100011100","MIN6_6h, aTC1_24h, GLUTag_24h, PCCL3_6h, PCCL3_24h",5,1
"100100100001","MIN6_6h, aTC1_24h, GLUTag_6h, QGP1_24h",4,1
"100100100011","MIN6_6h, aTC1_24h, GLUTag_6h, QGP1_6h, QGP1_24h",5,1
"100100101110","MIN6_6h, aTC1_24h, GLUTag_6h, PCCL3_6h, PCCL3_24h, QGP1_6h",6,1
"100101000000","MIN6_6h, aTC1_24h, MGN3_24h",3,1
"100101000011","MIN6_6h, aTC1_24h, MGN3_24h, QGP1_6h, QGP1_24h",5,1
"100101001000","MIN6_6h, aTC1_24h, MGN3_24h, PCCL3_6h",4,1
"100101101111","MIN6_6h, aTC1_24h, MGN3_24h, GLUTag_6h, PCCL3_6h, PCCL3_24h, QGP1_6h, QGP1_24h",8,1
"100110000000","MIN6_6h, aTC1_24h, MGN3_6h",3,1
"100111001111","MIN6_6h, aTC1_24h, MGN3_6h, MGN3_24h, PCCL3_6h, PCCL3_24h, QGP1_6h, QGP1_24h",8,1
"100111100011","MIN6_6h, aTC1_24h, MGN3_6h, MGN3_24h, GLUTag_6h, QGP1_6h, QGP1_24h",7,1
"101000000010","MIN6_6h, aTC1_6h, QGP1_6h",3,1
"101000000100","MIN6_6h, aTC1_6h, PCCL3_24h",3,1
"101000000101","MIN6_6h, aTC1_6h, PCCL3_24h, QGP1_24h",4,1
"101000001001","MIN6_6h, aTC1_6h, PCCL3_6h, QGP1_24h",4,1
"101000001011","MIN6_6h, aTC1_6h, PCCL3_6h, QGP1_6h, QGP1_24h",5,1
"101000001101","MIN6_6h, aTC1_6h, PCCL3_6h, PCCL3_24h, QGP1_24h",5,1
"101000100001","MIN6_6h, aTC1_6h, GLUTag_6h, QGP1_24h",4,1
"101000100011","MIN6_6h, aTC1_6h, GLUTag_6h, QGP1_6h, QGP1_24h",5,1
"101000100101","MIN6_6h, aTC1_6h, GLUTag_6h, PCCL3_24h, QGP1_24h",5,1
"101000101010","MIN6_6h, aTC1_6h, GLUTag_6h, PCCL3_6h, QGP1_6h",5,1
"101000101011","MIN6_6h, aTC1_6h, GLUTag_6h, PCCL3_6h, QGP1_6h, QGP1_24h",6,1
"101000110010","MIN6_6h, aTC1_6h, GLUTag_6h, GLUTag_24h, QGP1_6h",5,1
"101001000011","MIN6_6h, aTC1_6h, MGN3_24h, QGP1_6h, QGP1_24h",5,1
"101001001011","MIN6_6h, aTC1_6h, MGN3_24h, PCCL3_6h, QGP1_6h, QGP1_24h",6,1
"101001010000","MIN6_6h, aTC1_6h, MGN3_24h, GLUTag_24h",4,1
"101001100011","MIN6_6h, aTC1_6h, MGN3_24h, GLUTag_6h, QGP1_6h, QGP1_24h",6,1
"101001101011","MIN6_6h, aTC1_6h, MGN3_24h, GLUTag_6h, PCCL3_6h, QGP1_6h, QGP1_24h",7,1
"101001110010","MIN6_6h, aTC1_6h, MGN3_24h, GLUTag_6h, GLUTag_24h, QGP1_6h",6,1
"101010000011","MIN6_6h, aTC1_6h, MGN3_6h, QGP1_6h, QGP1_24h",5,1
"101010001000","MIN6_6h, aTC1_6h, MGN3_6h, PCCL3_6h",4,1
"101010001100","MIN6_6h, aTC1_6h, MGN3_6h, PCCL3_6h, PCCL3_24h",5,1
"101010001101","MIN6_6h, aTC1_6h, MGN3_6h, PCCL3_6h, PCCL3_24h, QGP1_24h",6,1
"101010100001","MIN6_6h, aTC1_6h, MGN3_6h, GLUTag_6h, QGP1_24h",5,1
"101010100010","MIN6_6h, aTC1_6h, MGN3_6h, GLUTag_6h, QGP1_6h",5,1
"101010101011","MIN6_6h, aTC1_6h, MGN3_6h, GLUTag_6h, PCCL3_6h, QGP1_6h, QGP1_24h",7,1
"101010110000","MIN6_6h, aTC1_6h, MGN3_6h, GLUTag_6h, GLUTag_24h",5,1
"101011000001","MIN6_6h, aTC1_6h, MGN3_6h, MGN3_24h, QGP1_24h",5,1
"101011000010","MIN6_6h, aTC1_6h, MGN3_6h, MGN3_24h, QGP1_6h",5,1
"101011000011","MIN6_6h, aTC1_6h, MGN3_6h, MGN3_24h, QGP1_6h, QGP1_24h",6,1
"101011001011","MIN6_6h, aTC1_6h, MGN3_6h, MGN3_24h, PCCL3_6h, QGP1_6h, QGP1_24h",7,1
"101011100001","MIN6_6h, aTC1_6h, MGN3_6h, MGN3_24h, GLUTag_6h, QGP1_24h",6,1
"101011100010","MIN6_6h, aTC1_6h, MGN3_6h, MGN3_24h, GLUTag_6h, QGP1_6h",6,1
"101011101101","MIN6_6h, aTC1_6h, MGN3_6h, MGN3_24h, GLUTag_6h, PCCL3_6h, PCCL3_24h, QGP1_24h",8,1
"101011110001","MIN6_6h, aTC1_6h, MGN3_6h, MGN3_24h, GLUTag_6h, GLUTag_24h, QGP1_24h",7,1
"101100000011","MIN6_6h, aTC1_6h, aTC1_24h, QGP1_6h, QGP1_24h",5,1
"101100001010","MIN6_6h, aTC1_6h, aTC1_24h, PCCL3_6h, QGP1_6h",5,1
"101100010001","MIN6_6h, aTC1_6h, aTC1_24h, GLUTag_24h, QGP1_24h",5,1
"101100011100","MIN6_6h, aTC1_6h, aTC1_24h, GLUTag_24h, PCCL3_6h, PCCL3_24h",6,1
"101100100001","MIN6_6h, aTC1_6h, aTC1_24h, GLUTag_6h, QGP1_24h",5,1
"101100100010","MIN6_6h, aTC1_6h, aTC1_24h, GLUTag_6h, QGP1_6h",5,1
"101100111000","MIN6_6h, aTC1_6h, aTC1_24h, GLUTag_6h, GLUTag_24h, PCCL3_6h",6,1
"101101001000","MIN6_6h, aTC1_6h, aTC1_24h, MGN3_24h, PCCL3_6h",5,1
"101101001101","MIN6_6h, aTC1_6h, aTC1_24h, MGN3_24h, PCCL3_6h, PCCL3_24h, QGP1_24h",7,1
"101110000010","MIN6_6h, aTC1_6h, aTC1_24h, MGN3_6h, QGP1_6h",5,1
"101110001011","MIN6_6h, aTC1_6h, aTC1_24h, MGN3_6h, PCCL3_6h, QGP1_6h, QGP1_24h",7,1
"101110011100","MIN6_6h, aTC1_6h, aTC1_24h, MGN3_6h, GLUTag_24h, PCCL3_6h, PCCL3_24h",7,1
"101110101000","MIN6_6h, aTC1_6h, aTC1_24h, MGN3_6h, GLUTag_6h, PCCL3_6h",6,1
"101110110010","MIN6_6h, aTC1_6h, aTC1_24h, MGN3_6h, GLUTag_6h, GLUTag_24h, QGP1_6h",7,1
"101111100000","MIN6_6h, aTC1_6h, aTC1_24h, MGN3_6h, MGN3_24h, GLUTag_6h",6,1
"101111100001","MIN6_6h, aTC1_6h, aTC1_24h, MGN3_6h, MGN3_24h, GLUTag_6h, QGP1_24h",7,1
"110000000101","MIN6_6h, MIN6_24h, PCCL3_24h, QGP1_24h",4,1
"110000001110","MIN6_6h, MIN6_24h, PCCL3_6h, PCCL3_24h, QGP1_6h",5,1
"110000010010","MIN6_6h, MIN6_24h, GLUTag_24h, QGP1_6h",4,1
"110000010100","MIN6_6h, MIN6_24h, GLUTag_24h, PCCL3_24h",4,1
"110000011000","MIN6_6h, MIN6_24h, GLUTag_24h, PCCL3_6h",4,1
"110000011010","MIN6_6h, MIN6_24h, GLUTag_24h, PCCL3_6h, QGP1_6h",5,1
"110000100010","MIN6_6h, MIN6_24h, GLUTag_6h, QGP1_6h",4,1
"110000100100","MIN6_6h, MIN6_24h, GLUTag_6h, PCCL3_24h",4,1
"110000101011","MIN6_6h, MIN6_24h, GLUTag_6h, PCCL3_6h, QGP1_6h, QGP1_24h",6,1
"110000110010","MIN6_6h, MIN6_24h, GLUTag_6h, GLUTag_24h, QGP1_6h",5,1
"110000111011","MIN6_6h, MIN6_24h, GLUTag_6h, GLUTag_24h, PCCL3_6h, QGP1_6h, QGP1_24h",7,1
"110000111100","MIN6_6h, MIN6_24h, GLUTag_6h, GLUTag_24h, PCCL3_6h, PCCL3_24h",6,1
"110000111101","MIN6_6h, MIN6_24h, GLUTag_6h, GLUTag_24h, PCCL3_6h, PCCL3_24h, QGP1_24h",7,1
"110000111111","MIN6_6h, MIN6_24h, GLUTag_6h, GLUTag_24h, PCCL3_6h, PCCL3_24h, QGP1_6h, QGP1_24h",8,1
"110001000110","MIN6_6h, MIN6_24h, MGN3_24h, PCCL3_24h, QGP1_6h",5,1
"110001001110","MIN6_6h, MIN6_24h, MGN3_24h, PCCL3_6h, PCCL3_24h, QGP1_6h",6,1
"110001011000","MIN6_6h, MIN6_24h, MGN3_24h, GLUTag_24h, PCCL3_6h",5,1
"110001011011","MIN6_6h, MIN6_24h, MGN3_24h, GLUTag_24h, PCCL3_6h, QGP1_6h, QGP1_24h",7,1
"110001100101","MIN6_6h, MIN6_24h, MGN3_24h, GLUTag_6h, PCCL3_24h, QGP1_24h",6,1
"110001100111","MIN6_6h, MIN6_24h, MGN3_24h, GLUTag_6h, PCCL3_24h, QGP1_6h, QGP1_24h",7,1
"110001101000","MIN6_6h, MIN6_24h, MGN3_24h, GLUTag_6h, PCCL3_6h",5,1
"110010000001","MIN6_6h, MIN6_24h, MGN3_6h, QGP1_24h",4,1
"110010000010","MIN6_6h, MIN6_24h, MGN3_6h, QGP1_6h",4,1
"110010000011","MIN6_6h, MIN6_24h, MGN3_6h, QGP1_6h, QGP1_24h",5,1
"110010100011","MIN6_6h, MIN6_24h, MGN3_6h, GLUTag_6h, QGP1_6h, QGP1_24h",6,1
"110010101010","MIN6_6h, MIN6_24h, MGN3_6h, GLUTag_6h, PCCL3_6h, QGP1_6h",6,1
"110011000011","MIN6_6h, MIN6_24h, MGN3_6h, MGN3_24h, QGP1_6h, QGP1_24h",6,1
"110011001001","MIN6_6h, MIN6_24h, MGN3_6h, MGN3_24h, PCCL3_6h, QGP1_24h",6,1
"110011010000","MIN6_6h, MIN6_24h, MGN3_6h, MGN3_24h, GLUTag_24h",5,1
"110011010100","MIN6_6h, MIN6_24h, MGN3_6h, MGN3_24h, GLUTag_24h, PCCL3_24h",6,1
"110011100001","MIN6_6h, MIN6_24h, MGN3_6h, MGN3_24h, GLUTag_6h, QGP1_24h",6,1
"110011100010","MIN6_6h, MIN6_24h, MGN3_6h, MGN3_24h, GLUTag_6h, QGP1_6h",6,1
"110011100011","MIN6_6h, MIN6_24h, MGN3_6h, MGN3_24h, GLUTag_6h, QGP1_6h, QGP1_24h",7,1
"110011101010","MIN6_6h, MIN6_24h, MGN3_6h, MGN3_24h, GLUTag_6h, PCCL3_6h, QGP1_6h",7,1
"110011101011","MIN6_6h, MIN6_24h, MGN3_6h, MGN3_24h, GLUTag_6h, PCCL3_6h, QGP1_6h, QGP1_24h",8,1
"110011101111","MIN6_6h, MIN6_24h, MGN3_6h, MGN3_24h, GLUTag_6h, PCCL3_6h, PCCL3_24h, QGP1_6h, QGP1_24h",9,1
"110100000100","MIN6_6h, MIN6_24h, aTC1_24h, PCCL3_24h",4,1
"110100000111","MIN6_6h, MIN6_24h, aTC1_24h, PCCL3_24h, QGP1_6h, QGP1_24h",6,1
"110100001101","MIN6_6h, MIN6_24h, aTC1_24h, PCCL3_6h, PCCL3_24h, QGP1_24h",6,1
"110100011111","MIN6_6h, MIN6_24h, aTC1_24h, GLUTag_24h, PCCL3_6h, PCCL3_24h, QGP1_6h, QGP1_24h",8,1
"110100100001","MIN6_6h, MIN6_24h, aTC1_24h, GLUTag_6h, QGP1_24h",5,1
"110100100011","MIN6_6h, MIN6_24h, aTC1_24h, GLUTag_6h, QGP1_6h, QGP1_24h",6,1
"110100110000","MIN6_6h, MIN6_24h, aTC1_24h, GLUTag_6h, GLUTag_24h",5,1
"110100110011","MIN6_6h, MIN6_24h, aTC1_24h, GLUTag_6h, GLUTag_24h, QGP1_6h, QGP1_24h",7,1
"110100111011","MIN6_6h, MIN6_24h, aTC1_24h, GLUTag_6h, GLUTag_24h, PCCL3_6h, QGP1_6h, QGP1_24h",8,1
"110101000010","MIN6_6h, MIN6_24h, aTC1_24h, MGN3_24h, QGP1_6h",5,1
"110101000011","MIN6_6h, MIN6_24h, aTC1_24h, MGN3_24h, QGP1_6h, QGP1_24h",6,1
"110101000100","MIN6_6h, MIN6_24h, aTC1_24h, MGN3_24h, PCCL3_24h",5,1
"110101000101","MIN6_6h, MIN6_24h, aTC1_24h, MGN3_24h, PCCL3_24h, QGP1_24h",6,1
"110101001111","MIN6_6h, MIN6_24h, aTC1_24h, MGN3_24h, PCCL3_6h, PCCL3_24h, QGP1_6h, QGP1_24h",8,1
"110101010010","MIN6_6h, MIN6_24h, aTC1_24h, MGN3_24h, GLUTag_24h, QGP1_6h",6,1
"110101010100","MIN6_6h, MIN6_24h, aTC1_24h, MGN3_24h, GLUTag_24h, PCCL3_24h",6,1
"110101101110","MIN6_6h, MIN6_24h, aTC1_24h, MGN3_24h, GLUTag_6h, PCCL3_6h, PCCL3_24h, QGP1_6h",8,1
"110101110100","MIN6_6h, MIN6_24h, aTC1_24h, MGN3_24h, GLUTag_6h, GLUTag_24h, PCCL3_24h",7,1
"110101111111","MIN6_6h, MIN6_24h, aTC1_24h, MGN3_24h, GLUTag_6h, GLUTag_24h, PCCL3_6h, PCCL3_24h, QGP1_6h, QGP1_24h",10,1
"110110001111","MIN6_6h, MIN6_24h, aTC1_24h, MGN3_6h, PCCL3_6h, PCCL3_24h, QGP1_6h, QGP1_24h",8,1
"110111000000","MIN6_6h, MIN6_24h, aTC1_24h, MGN3_6h, MGN3_24h",5,1
"110111000011","MIN6_6h, MIN6_24h, aTC1_24h, MGN3_6h, MGN3_24h, QGP1_6h, QGP1_24h",7,1
"110111110010","MIN6_6h, MIN6_24h, aTC1_24h, MGN3_6h, MGN3_24h, GLUTag_6h, GLUTag_24h, QGP1_6h",8,1
"111000000001","MIN6_6h, MIN6_24h, aTC1_6h, QGP1_24h",4,1
"111000000010","MIN6_6h, MIN6_24h, aTC1_6h, QGP1_6h",4,1
"111000001001","MIN6_6h, MIN6_24h, aTC1_6h, PCCL3_6h, QGP1_24h",5,1
"111000001100","MIN6_6h, MIN6_24h, aTC1_6h, PCCL3_6h, PCCL3_24h",5,1
"111000001101","MIN6_6h, MIN6_24h, aTC1_6h, PCCL3_6h, PCCL3_24h, QGP1_24h",6,1
"111000001110","MIN6_6h, MIN6_24h, aTC1_6h, PCCL3_6h, PCCL3_24h, QGP1_6h",6,1
"111000010001","MIN6_6h, MIN6_24h, aTC1_6h, GLUTag_24h, QGP1_24h",5,1
"111000100011","MIN6_6h, MIN6_24h, aTC1_6h, GLUTag_6h, QGP1_6h, QGP1_24h",6,1
"111000100100","MIN6_6h, MIN6_24h, aTC1_6h, GLUTag_6h, PCCL3_24h",5,1
"111000100101","MIN6_6h, MIN6_24h, aTC1_6h, GLUTag_6h, PCCL3_24h, QGP1_24h",6,1
"111000101010","MIN6_6h, MIN6_24h, aTC1_6h, GLUTag_6h, PCCL3_6h, QGP1_6h",6,1
"111000101110","MIN6_6h, MIN6_24h, aTC1_6h, GLUTag_6h, PCCL3_6h, PCCL3_24h, QGP1_6h",7,1
"111000101111","MIN6_6h, MIN6_24h, aTC1_6h, GLUTag_6h, PCCL3_6h, PCCL3_24h, QGP1_6h, QGP1_24h",8,1
"111001000100","MIN6_6h, MIN6_24h, aTC1_6h, MGN3_24h, PCCL3_24h",5,1
"111001001100","MIN6_6h, MIN6_24h, aTC1_6h, MGN3_24h, PCCL3_6h, PCCL3_24h",6,1
"111001001111","MIN6_6h, MIN6_24h, aTC1_6h, MGN3_24h, PCCL3_6h, PCCL3_24h, QGP1_6h, QGP1_24h",8,1
"111001010110","MIN6_6h, MIN6_24h, aTC1_6h, MGN3_24h, GLUTag_24h, PCCL3_24h, QGP1_6h",7,1
"111001100000","MIN6_6h, MIN6_24h, aTC1_6h, MGN3_24h, GLUTag_6h",5,1
"111001100001","MIN6_6h, MIN6_24h, aTC1_6h, MGN3_24h, GLUTag_6h, QGP1_24h",6,1
"111001100100","MIN6_6h, MIN6_24h, aTC1_6h, MGN3_24h, GLUTag_6h, PCCL3_24h",6,1
"111001100111","MIN6_6h, MIN6_24h, aTC1_6h, MGN3_24h, GLUTag_6h, PCCL3_24h, QGP1_6h, QGP1_24h",8,1
"111001111000","MIN6_6h, MIN6_24h, aTC1_6h, MGN3_24h, GLUTag_6h, GLUTag_24h, PCCL3_6h",7,1
"111010000011","MIN6_6h, MIN6_24h, aTC1_6h, MGN3_6h, QGP1_6h, QGP1_24h",6,1
"111010001000","MIN6_6h, MIN6_24h, aTC1_6h, MGN3_6h, PCCL3_6h",5,1
"111010010011","MIN6_6h, MIN6_24h, aTC1_6h, MGN3_6h, GLUTag_24h, QGP1_6h, QGP1_24h",7,1
"111010101100","MIN6_6h, MIN6_24h, aTC1_6h, MGN3_6h, GLUTag_6h, PCCL3_6h, PCCL3_24h",7,1
"111010101111","MIN6_6h, MIN6_24h, aTC1_6h, MGN3_6h, GLUTag_6h, PCCL3_6h, PCCL3_24h, QGP1_6h, QGP1_24h",9,1
"111010110000","MIN6_6h, MIN6_24h, aTC1_6h, MGN3_6h, GLUTag_6h, GLUTag_24h",6,1
"111011000101","MIN6_6h, MIN6_24h, aTC1_6h, MGN3_6h, MGN3_24h, PCCL3_24h, QGP1_24h",7,1
"111011001000","MIN6_6h, MIN6_24h, aTC1_6h, MGN3_6h, MGN3_24h, PCCL3_6h",6,1
"111011011011","MIN6_6h, MIN6_24h, aTC1_6h, MGN3_6h, MGN3_24h, GLUTag_24h, PCCL3_6h, QGP1_6h, QGP1_24h",9,1
"111011101000","MIN6_6h, MIN6_24h, aTC1_6h, MGN3_6h, MGN3_24h, GLUTag_6h, PCCL3_6h",7,1
"111100000010","MIN6_6h, MIN6_24h, aTC1_6h, aTC1_24h, QGP1_6h",5,1
"111100000101","MIN6_6h, MIN6_24h, aTC1_6h, aTC1_24h, PCCL3_24h, QGP1_24h",6,1
"111100001111","MIN6_6h, MIN6_24h, aTC1_6h, aTC1_24h, PCCL3_6h, PCCL3_24h, QGP1_6h, QGP1_24h",8,1
"111100010101","MIN6_6h, MIN6_24h, aTC1_6h, aTC1_24h, GLUTag_24h, PCCL3_24h, QGP1_24h",7,1
"111100011000","MIN6_6h, MIN6_24h, aTC1_6h, aTC1_24h, GLUTag_24h, PCCL3_6h",6,1
"111100011111","MIN6_6h, MIN6_24h, aTC1_6h, aTC1_24h, GLUTag_24h, PCCL3_6h, PCCL3_24h, QGP1_6h, QGP1_24h",9,1
"111100100010","MIN6_6h, MIN6_24h, aTC1_6h, aTC1_24h, GLUTag_6h, QGP1_6h",6,1
"111100101100","MIN6_6h, MIN6_24h, aTC1_6h, aTC1_24h, GLUTag_6h, PCCL3_6h, PCCL3_24h",7,1
"111100101101","MIN6_6h, MIN6_24h, aTC1_6h, aTC1_24h, GLUTag_6h, PCCL3_6h, PCCL3_24h, QGP1_24h",8,1
"111100110010","MIN6_6h, MIN6_24h, aTC1_6h, aTC1_24h, GLUTag_6h, GLUTag_24h, QGP1_6h",7,1
"111100111000","MIN6_6h, MIN6_24h, aTC1_6h, aTC1_24h, GLUTag_6h, GLUTag_24h, PCCL3_6h",7,1
"111100111011","MIN6_6h, MIN6_24h, aTC1_6h, aTC1_24h, GLUTag_6h, GLUTag_24h, PCCL3_6h, QGP1_6h, QGP1_24h",9,1
"111100111110","MIN6_6h, MIN6_24h, aTC1_6h, aTC1_24h, GLUTag_6h, GLUTag_24h, PCCL3_6h, PCCL3_24h, QGP1_6h",9,1
"111101000010","MIN6_6h, MIN6_24h, aTC1_6h, aTC1_24h, MGN3_24h, QGP1_6h",6,1
"111101001111","MIN6_6h, MIN6_24h, aTC1_6h, aTC1_24h, MGN3_24h, PCCL3_6h, PCCL3_24h, QGP1_6h, QGP1_24h",9,1
"111101010010","MIN6_6h, MIN6_24h, aTC1_6h, aTC1_24h, MGN3_24h, GLUTag_24h, QGP1_6h",7,1
"111101010011","MIN6_6h, MIN6_24h, aTC1_6h, aTC1_24h, MGN3_24h, GLUTag_24h, QGP1_6h, QGP1_24h",8,1
"111101010100","MIN6_6h, MIN6_24h, aTC1_6h, aTC1_24h, MGN3_24h, GLUTag_24h, PCCL3_24h",7,1
"111101010101","MIN6_6h, MIN6_24h, aTC1_6h, aTC1_24h, MGN3_24h, GLUTag_24h, PCCL3_24h, QGP1_24h",8,1
"111101010110","MIN6_6h, MIN6_24h, aTC1_6h, aTC1_24h, MGN3_24h, GLUTag_24h, PCCL3_24h, QGP1_6h",8,1
"111101011100","MIN6_6h, MIN6_24h, aTC1_6h, aTC1_24h, MGN3_24h, GLUTag_24h, PCCL3_6h, PCCL3_24h",8,1
"111101011111","MIN6_6h, MIN6_24h, aTC1_6h, aTC1_24h, MGN3_24h, GLUTag_24h, PCCL3_6h, PCCL3_24h, QGP1_6h, QGP1_24h",10,1
"111101100001","MIN6_6h, MIN6_24h, aTC1_6h, aTC1_24h, MGN3_24h, GLUTag_6h, QGP1_24h",7,1
"111101100010","MIN6_6h, MIN6_24h, aTC1_6h, aTC1_24h, MGN3_24h, GLUTag_6h, QGP1_6h",7,1
"111101100110","MIN6_6h, MIN6_24h, aTC1_6h, aTC1_24h, MGN3_24h, GLUTag_6h, PCCL3_24h, QGP1_6h",8,1
"111101101000","MIN6_6h, MIN6_24h, aTC1_6h, aTC1_24h, MGN3_24h, GLUTag_6h, PCCL3_6h",7,1
"111101101001","MIN6_6h, MIN6_24h, aTC1_6h, aTC1_24h, MGN3_24h, GLUTag_6h, PCCL3_6h, QGP1_24h",8,1
"111101101011","MIN6_6h, MIN6_24h, aTC1_6h, aTC1_24h, MGN3_24h, GLUTag_6h, PCCL3_6h, QGP1_6h, QGP1_24h",9,1
"111101101100","MIN6_6h, MIN6_24h, aTC1_6h, aTC1_24h, MGN3_24h, GLUTag_6h, PCCL3_6h, PCCL3_24h",8,1
"111101110111","MIN6_6h, MIN6_24h, aTC1_6h, aTC1_24h, MGN3_24h, GLUTag_6h, GLUTag_24h, PCCL3_24h, QGP1_6h, QGP1_24h",10,1
"111110000000","MIN6_6h, MIN6_24h, aTC1_6h, aTC1_24h, MGN3_6h",5,1
"111110000011","MIN6_6h, MIN6_24h, aTC1_6h, aTC1_24h, MGN3_6h, QGP1_6h, QGP1_24h",7,1
"111110100001","MIN6_6h, MIN6_24h, aTC1_6h, aTC1_24h, MGN3_6h, GLUTag_6h, QGP1_24h",7,1
"111110101000","MIN6_6h, MIN6_24h, aTC1_6h, aTC1_24h, MGN3_6h, GLUTag_6h, PCCL3_6h",7,1
"111110110000","MIN6_6h, MIN6_24h, aTC1_6h, aTC1_24h, MGN3_6h, GLUTag_6h, GLUTag_24h",7,1
"111111000001","MIN6_6h, MIN6_24h, aTC1_6h, aTC1_24h, MGN3_6h, MGN3_24h, QGP1_24h",7,1
"111111001000","MIN6_6h, MIN6_24h, aTC1_6h, aTC1_24h, MGN3_6h, MGN3_24h, PCCL3_6h",7,1
"111111001111","MIN6_6h, MIN6_24h, aTC1_6h, aTC1_24h, MGN3_6h, MGN3_24h, PCCL3_6h, PCCL3_24h, QGP1_6h, QGP1_24h",10,1
"111111010100","MIN6_6h, MIN6_24h, aTC1_6h, aTC1_24h, MGN3_6h, MGN3_24h, GLUTag_24h, PCCL3_24h",8,1
"111111010101","MIN6_6h, MIN6_24h, aTC1_6h, aTC1_24h, MGN3_6h, MGN3_24h, GLUTag_24h, PCCL3_24h, QGP1_24h",9,1
"111111011001","MIN6_6h, MIN6_24h, aTC1_6h, aTC1_24h, MGN3_6h, MGN3_24h, GLUTag_24h, PCCL3_6h, QGP1_24h",9,1
"111111011100","MIN6_6h, MIN6_24h, aTC1_6h, aTC1_24h, MGN3_6h, MGN3_24h, GLUTag_24h, PCCL3_6h, PCCL3_24h",9,1
"111111100100","MIN6_6h, MIN6_24h, aTC1_6h, aTC1_24h, MGN3_6h, MGN3_24h, GLUTag_6h, PCCL3_24h",8,1
"111111100101","MIN6_6h, MIN6_24h, aTC1_6h, aTC1_24h, MGN3_6h, MGN3_24h, GLUTag_6h, PCCL3_24h, QGP1_24h",9,1
"111111101010","MIN6_6h, MIN6_24h, aTC1_6h, aTC1_24h, MGN3_6h, MGN3_24h, GLUTag_6h, PCCL3_6h, QGP1_6h",9,1
"111111101011","MIN6_6h, MIN6_24h, aTC1_6h, aTC1_24h, MGN3_6h, MGN3_24h, GLUTag_6h, PCCL3_6h, QGP1_6h, QGP1_24h",10,1
"111111101100","MIN6_6h, MIN6_24h, aTC1_6h, aTC1_24h, MGN3_6h, MGN3_24h, GLUTag_6h, PCCL3_6h, PCCL3_24h",9,1
"111111101101","MIN6_6h, MIN6_24h, aTC1_6h, aTC1_24h, MGN3_6h, MGN3_24h, GLUTag_6h, PCCL3_6h, PCCL3_24h, QGP1_24h",10,1
"111111101110","MIN6_6h, MIN6_24h, aTC1_6h, aTC1_24h, MGN3_6h, MGN3_24h, GLUTag_6h, PCCL3_6h, PCCL3_24h, QGP1_6h",10,1
"111111101111","MIN6_6h, MIN6_24h, aTC1_6h, aTC1_24h, MGN3_6h, MGN3_24h, GLUTag_6h, PCCL3_6h, PCCL3_24h, QGP1_6h, QGP1_24h",11,1
"111111110100","MIN6_6h, MIN6_24h, aTC1_6h, aTC1_24h, MGN3_6h, MGN3_24h, GLUTag_6h, GLUTag_24h, PCCL3_24h",9,1
"111111111010","MIN6_6h, MIN6_24h, aTC1_6h, aTC1_24h, MGN3_6h, MGN3_24h, GLUTag_6h, GLUTag_24h, PCCL3_6h, QGP1_6h",10,1
